,labels,american,attack,authority,black,called,case,child,city,come,community,control,country,county,court,crime,day,death,department,did,didnt,dont,enforcement,family,federal,fight,firearm,going,government,group,gun,ha,health,help,high,home,house,im,including,just,killed,killing,know,later,law,left,letter,life,local,long,make,man,matter,medium,member,million,month,national,need,office,officer,official,old,people,place,police,political,president,public,report,republican,right,say,school,shooter,shot,state,story,student,support,texas,thats,thing,think,threat,time,took,trump,used,victim,video,violence,want,way,week,weons,white,woman,work,year,york
2274,left,0.0,0.0,0.0,0.4342311404422463,0.0581127442975035,0.0640020015491749,0.0625288637070227,0.0,0.0600070784073297,0.0607748520863912,0.1343311770700863,0.0,0.0,0.0,0.0,0.0476726992847844,0.0,0.0,0.0562511415287044,0.0,0.0,0.0,0.0,0.0,0.167149575451012,0.0,0.0,0.0,0.0600415131509384,0.5034541253765656,0.1830785261796471,0.0,0.0,0.0586313641928008,0.0,0.0,0.0694497384116678,0.0,0.0,0.0459942912341524,0.0,0.0,0.0,0.0,0.0,0.0561015846942582,0.0509513227621075,0.0,0.12792439939764,0.0,0.0,0.0552788655195348,0.0,0.0,0.0,0.0,0.1802279740360176,0.0658132887479849,0.0669428980975452,0.0,0.0569190939453419,0.0,0.0341166504741497,0.060249037936628,0.0,0.1434603371410304,0.0,0.0,0.0,0.2133096148636532,0.0,0.0,0.0,0.0,0.1077372944648692,0.1843073641658555,0.0,0.0,0.0,0.0,0.0,0.0,0.0,0.0,0.0442772464886632,0.0,0.0716246705034062,0.0,0.0534593939686526,0.0,0.2196205979518311,0.0,0.0,0.0,0.0,0.1970577121890426,0.3446004715230556,0.0640817796071249,0.1853635617194873,0.0
1151,left,0.0,0.055740692399378,0.118575044224641,0.0,0.0,0.1221005060680102,0.0,0.0,0.0,0.0,0.0,0.0,0.0652459151953939,0.0658326574209166,0.1277957245245016,0.0909481042374571,0.0,0.0,0.1609705793876054,0.1920759414994183,0.0581073351431389,0.3769118028132495,0.1029786826758326,0.0,0.0,0.0669995395888036,0.057437277821786,0.0,0.0,0.1309731840821097,0.0349270025243586,0.1345750804926685,0.0626161168990167,0.0,0.0578708506171169,0.0,0.0662467422978968,0.095853728169148,0.0445702523844907,0.0438730516233507,0.0,0.1131823754670091,0.0577032372143156,0.5236807285782848,0.0,0.0,0.0,0.1211219088778104,0.06101228683019,0.0,0.057837241593362,0.0,0.0,0.0561467273646788,0.0,0.0,0.0,0.062778004340652,0.3831330991620317,0.2312147034093136,0.1085880129907978,0.0,0.0325432032390305,0.0,0.0869270221514236,0.0,0.0,0.0,0.1135680313958919,0.0,0.0,0.0564634237800652,0.0991720584787999,0.0,0.0,0.0879035885284829,0.0689310745317781,0.0,0.0615489133158774,0.0,0.0633111926055848,0.0,0.0,0.0,0.1689407853724693,0.0,0.0,0.0,0.1019877331906,0.0,0.0523729444075942,0.0602275111579136,0.0574042229101768,0.1045284637299146,0.0,0.0,0.0,0.0,0.0353629326344248,0.0
1084,left,0.0585411623851402,0.0556643686819145,0.0,0.0,0.0,0.0609666591268777,0.0,0.1117014564658532,0.0,0.2315702384895301,0.0,0.0546923777981872,0.0,0.0657425151401414,0.0,0.0,0.061157063093008,0.0630184201987939,0.0,0.0,0.0,0.1254652370302925,0.1542565165258708,0.0631418738978955,0.0,0.0,0.0,0.1339110275401978,0.0571939998301881,0.0,0.1395167129636695,0.0,0.062530378911038,0.0,0.0,0.0597437616176873,0.0,0.14358371868026,0.0445092239472065,0.0,0.0,0.0,0.0,0.0475421519513885,0.0569327368476228,0.320645552427408,0.0,0.0,0.1218574898176294,0.0535548341469758,0.0,0.0,0.063348940273186,0.0,0.0,0.0,0.0,0.0626920446860447,0.1275361629477342,0.0,0.0,0.0,0.1624932150293925,0.0573916825989027,0.0,0.0,0.2754144090502501,0.0,0.0,0.0,0.2079075602327637,0.0,0.0,0.0,0.0,0.1755664506373222,0.0,0.0,0.184393909833694,0.0662953452552791,0.0,0.0633905519624613,0.0,0.0695655242907523,0.0,0.1176383376631313,0.6140503561393946,0.0,0.0,0.0673404095986614,0.0523012320258559,0.0601450438015303,0.0573256213804502,0.0521926683393783,0.0,0.0625707013142967,0.0656515076834446,0.0,0.035314511447624,0.0
2526,left,0.0,0.0,0.0926033050801851,0.0,0.0865821736955189,0.0,0.0,0.0,0.0894045419542721,0.0,0.100070005696714,0.0,0.1019099327279755,0.1028263864332016,0.0,0.0,0.0,0.2956970727675048,0.0,0.0,0.0,0.1962373498992108,0.0,0.0,0.0830120469544662,0.0,0.0897133422278898,0.0,0.0,0.0681905696778334,0.0545537366896877,0.0,0.0,0.0,0.0,0.0,0.0,0.0748586862502401,0.0,0.2055806739525502,0.0,0.088391803803295,0.0901287537325012,0.1487192170241314,0.0890472107328756,0.0835857471422288,0.0,0.1891846493172195,0.0952972768919572,0.0,0.0,0.0823599779009095,0.0,0.0,0.0,0.0,0.0,0.0,0.0,0.4514281621998274,0.0,0.0751466448281062,0.2033215806942392,0.0,0.543097722097411,0.0,0.0861538941548075,0.0,0.0,0.0,0.0,0.0881922447065903,0.0,0.0871603132231834,0.0802588937728355,0.0,0.1076659151360405,0.0,0.0,0.0,0.0,0.0,0.0,0.0,0.1319373329407688,0.0,0.0,0.0,0.0,0.0,0.0818031784114007,0.0,0.0,0.0,0.1031125737222284,0.0,0.0,0.0954754389890413,0.0552346315481306,0.1024714585162309
1663,left,0.6848204508683456,0.0255359775120816,0.0,0.0,0.0126974183744573,0.0139841991682959,0.1229609162858689,0.0768644093498597,0.1442245566089042,0.0531163160793853,0.0293508623041482,0.2132656595622123,0.0,0.0,0.0439094215615753,0.0937467665068,0.0561114919589634,0.0,0.0983253207763528,0.0,0.0133100930364361,0.0431677958524277,0.1061475508580546,0.0,0.0973908272626805,0.0,0.0394698281904193,0.0921473395510885,0.0131188471914189,0.0,0.1520075113893941,0.0,0.0143428766687244,0.0128107348916432,0.0795355426898261,0.0274073952383134,0.0,0.0439125985274603,0.1123021086541025,0.0200991629528588,0.0142148739297571,0.090739625271736,0.0264350603562921,0.0981446315361663,0.0261178402318701,0.0245159749705247,0.1335920930246522,0.0,0.0279510052242155,0.1105570372521164,0.0,0.0362346792214932,0.0,0.0643049765640071,0.1097094243257961,0.0772526009603968,0.026252761097184,0.0287599173618112,0.0292535482403544,0.0397216100969311,0.0,0.0440815169263232,0.0596348893643997,0.0789851435089894,0.0,0.0783638745184258,0.0884422733210091,0.0,0.0,0.0466073570601369,0.0596108752826446,0.0129335379400397,0.0227163975376966,0.0,0.0235401979185368,0.2617580758555092,0.0631575351276673,0.0,0.0281968450457361,0.0152064640782006,0.0,0.0290803569271017,0.0284841459924864,0.0159565598781504,0.1354417902483323,0.0269832391551078,0.0782486198430553,0.0273576781524592,0.0,0.0,0.0,0.0137957415340097,0.0394471134704406,0.0478866763988981,0.0151216287641664,0.0,0.1807054096043369,0.1400163037708051,0.2592079900389626,0.030055216326563
1892,left,0.0,0.0,0.0,0.0,0.0,0.0,0.0,0.0,0.1594856870174331,0.0,0.0,0.0762987107120826,0.0,0.0,0.0890187828369552,0.063351802813988,0.0,0.0,0.0,0.0,0.0809517574643044,0.0,0.0,0.0,0.0740411675394967,0.0,0.0,0.0,0.0,0.7906782754037502,0.2432913357962584,0.0,0.0,0.0,0.0,0.0833456537826854,0.0,0.133537835381433,0.0,0.0,0.0,0.0788395491332475,0.0,0.0,0.0,0.0745528695547821,0.0,0.0,0.0,0.0,0.0,0.0734595657622487,0.0,0.0,0.0,0.0783081655817286,0.0798344212654957,0.0,0.0,0.0,0.0,0.0,0.0,0.0,0.0,0.0,0.1536869682251094,0.0,0.0,0.0,0.0,0.1573231116584008,0.0,0.0,0.0,0.0,0.0,0.0,0.3429854554964371,0.0,0.0,0.0,0.0,0.0,0.0588396174493818,0.0,0.0,0.0831944645511419,0.0,0.0,0.0,0.0,0.0,0.1456229720935588,0.0,0.0,0.0,0.0,0.0,0.0913976549955276
1704,left,0.0,0.0,0.0,0.0,0.1248951149421435,0.0,0.0,0.0,0.0,0.0,0.0,0.1233962697294353,0.0,0.0,0.0,0.0,0.0,0.0,0.0,0.0,0.1309215425255575,0.141536561889714,0.0,0.0,0.0,0.0,0.0,0.0,0.0,0.6885560932535039,0.0786939727147855,0.1516054477476893,0.0,0.0,0.0,0.0,0.0,0.0,0.0,0.3954012056951621,0.0,0.0,0.0,0.1072640181664542,0.0,0.0,0.0,0.0,0.0,0.0,0.0,0.0,0.0,0.0,0.0,0.1266461180268679,0.1291144986360881,0.0,0.0,0.0,0.1223297379368736,0.1083993210464812,0.219969115238957,0.0,0.0979275662804291,0.0,0.0,0.0,0.1279399736308225,0.0,0.0,0.0,0.1117222020205856,0.0,0.1157737595978879,0.0,0.0,0.0,0.0,0.0,0.0,0.1430209832368437,0.0,0.0,0.0,0.0,0.0,0.0,0.0,0.1519326034276479,0.0,0.1356985076642311,0.0,0.1177564560105549,0.0,0.0,0.0,0.0,0.1593523322768636,0.0
1154,left,0.0,0.0,0.0,0.0866901061362339,0.0,0.0,0.0,0.0,0.0,0.0,0.0804538153510885,0.2063236625656398,0.0,0.0,0.0,0.0571043986839317,0.0,0.0,0.0,0.0,0.0,0.0,0.0,0.0,0.0,0.0,0.0,0.0,0.0,0.1096470708350544,0.0438598581841408,0.0,0.1572613627703739,0.0702311563322177,0.4360306555294291,0.0751265667396057,0.0,0.3009226830292693,0.0,0.1101878594341809,0.1558578866314323,0.0,0.144922588144841,0.0,0.1431835203756263,0.0,0.0,0.0,0.0,0.0,0.0726295711255954,0.0,0.2389800170152578,0.070506694583968,0.0,0.0,0.0,0.0,0.0,0.0,0.1363602515547245,0.0604160481970754,0.3269310678295068,0.0,0.4366371676209136,0.0,0.0692656050516814,0.0696099312346085,0.071306974421896,0.0,0.0,0.0,0.0622680463013675,0.0,0.0,0.0,0.0,0.0,0.0,0.0,0.0,0.0,0.0,0.0,0.0,0.0,0.0,0.0749902869532178,0.128071898272463,0.0,0.0657677369479664,0.0,0.0,0.0,0.2486998949045552,0.0,0.0825554374211994,0.0,0.1776291233969475,0.0
1726,left,0.0,0.0,0.0,0.0851317981755562,0.2050759497594664,0.0,0.0735533789653824,0.0689687081143309,0.0705869756306482,0.0,0.0,0.0,0.0,0.0811838355713558,0.0,0.056077912005982,0.0,0.0,0.3970129586376734,0.0,0.0,0.0,0.0,0.0,0.0655399514089802,0.0,0.1416615613292444,0.1653634762503451,0.0,0.0,0.1292143507959144,0.0,0.0,0.0,0.0713654560659098,0.0737761205096202,0.3267779150681328,0.0591026825548827,0.3297801592138078,0.0,0.0,0.0,0.0711587577574157,0.0,0.0,0.0659929011169895,0.0599345922783481,0.0,0.1504788552035814,0.0661335642570301,0.0,0.0650251276496185,0.0782280680895001,0.0,0.0,0.0,0.0,0.0,0.078745655380536,0.0,0.0,0.1186600651658064,0.1203953553248142,0.1417431904861174,0.0,0.0,0.0680205132117479,0.0,0.0,0.0,0.0,0.0,0.1222974797650767,0.0,0.0,0.0542006866865523,0.1700095132045129,0.0,0.0,0.0,0.1561488067375261,0.3913972667708073,0.1533491066248883,0.0,0.0,0.0,0.0,0.0,0.0,0.0,0.0,0.1485433082688394,0.0,0.0,0.0,0.1545340793930981,0.0,0.0,0.0872180653428073,0.2427108350542768
1807,left,0.0,0.0,0.0,0.0,0.0,0.0,0.0,0.0,0.0,0.0,0.0,0.0,0.0,0.0,0.0773134352461035,0.0,0.0,0.0,0.0,0.0774676457067363,0.0,0.0,0.0,0.0,0.064305271648068,0.2431989607535543,0.0694964291819594,0.0,0.0,0.6338857938595142,0.0422600452097249,0.0,0.0,0.0676694354384382,0.0700210320567585,0.0,0.0,0.0579892718123148,0.1078558561940044,0.106168695340995,0.0,0.0,0.0,0.288013306528584,0.0,0.064749688425778,0.0,0.0,0.0738220234614846,0.0648877016716948,0.0,0.063800146438407,0.0,0.0,0.0,0.0680111892793793,0.0693367530111599,0.0,0.0,0.0,0.0,0.0,0.1181272775290315,0.1390729497432115,0.0,0.0,0.0,0.0,0.0,0.0820638203354105,0.0,0.0,0.2399871372834064,0.0,0.0,0.1063592451920253,0.0,0.0784090880468665,0.0,0.4819455782468683,0.0,0.0,0.0,0.0,0.0,0.0,0.0,0.0722549740956328,0.0,0.0,0.0,0.0,0.0,0.0632372846746372,0.0798761421601421,0.0,0.0,0.0739600367074013,0.0427875003254861,0.0
2089,left,0.1538151740615552,0.0,0.0,0.2415155690379448,0.064643601990746,0.0,0.0173890040268844,0.0,0.016687706543905,0.0507036631569975,0.0,0.0159669562561104,0.0,0.0,0.0,0.0132575695557132,0.0178542639846719,0.0,0.0156431968945188,0.0,0.0,0.0,0.0,0.0,0.0154945224135651,0.0,0.0,0.0586412112168947,0.1168809788704428,0.0,0.0814613422406754,0.0,0.0,0.0163051264265311,0.0,0.0,0.0386273381382726,0.0279453316598882,0.0129940745012191,0.0,0.0,0.0824933750854773,0.0168228834976319,0.0,0.0166210092773982,0.0156016057917503,0.0,0.0,0.0,0.0,0.0,0.015372811180844,0.036988326305551,0.0327381928234334,0.0,0.0163874729031523,0.1670687093112569,0.0,0.0,0.0,0.0158289515456364,0.0140264144218969,0.1043646071651524,0.0167549944327274,0.0126714135726744,0.0,0.0482428813517805,0.0,0.0,0.2175083998614605,0.0303483872268322,0.0,0.014456381188916,0.0,0.0,0.0256275366899444,0.0,0.0,0.0897202867729204,0.0,0.0369156695089423,0.0185063113176414,0.0,0.0,0.0369399268679296,0.0,0.8764143603236036,0.0,0.0,0.0,0.0152688823839215,0.0175588138980622,0.0167357084439348,0.0,0.0,0.0182669631678116,0.0,0.0,0.0309292783852312,0.0
1919,left,0.0,0.0,0.0,0.0,0.0,0.0,0.0,0.1514743185928156,0.3100569614108347,0.0,0.0,0.0,0.0,0.0,0.1730618830509869,0.0,0.0,0.1709140159927299,0.0,0.0,0.0,0.1701388852710201,0.0,0.0,0.1439438225205596,0.0,0.0,0.0,0.0,0.0,0.0,0.0,0.0,0.0,0.0,0.0,0.0,0.0,0.0,0.3564791994746828,0.0,0.0,0.1562842720694092,0.128940397003223,0.0,0.1449386250948485,0.0,0.0,0.0,0.0,0.0,0.1428131274520738,0.0,0.0,0.0,0.0,0.0,0.0,0.0,0.0,0.2941013257661766,0.2606102536439252,0.2644214297784814,0.1556535839301517,0.3531515830638596,0.0,0.0,0.0,0.0,0.0,0.0,0.0,0.0,0.0,0.0,0.0,0.0,0.1755144417332721,0.0,0.0,0.0,0.0,0.0,0.0,0.0,0.1595251091767244,0.0,0.0,0.2762250336580376,0.0,0.0,0.0,0.0,0.1415531922748912,0.0,0.0,0.0,0.0,0.1915549439447922,0.0
1968,left,0.0,0.0,0.0,0.0,0.0,0.0,0.0,0.0,0.0,0.0,0.1267767833618217,0.0,0.0,0.0,0.0,0.0,0.2423654333039718,0.0,0.0,0.0,0.1149820243044424,0.0,0.1018864259142518,0.0,0.0,0.3977334016648275,0.0,0.0,0.1133299070472828,0.7775040000507164,0.0,0.0,0.0,0.1106682144622409,0.1145140718600273,0.0,0.0,0.0,0.0,0.0,0.0,0.0,0.0,0.0,0.0,0.0,0.0,0.0,0.0,0.0,0.0,0.0,0.0,0.1111023996291918,0.0,0.0,0.113394985529845,0.0,0.0,0.0,0.0,0.0,0.0,0.0,0.0,0.0,0.0,0.0,0.1123634573329078,0.0,0.0,0.0,0.0,0.0,0.0,0.0,0.0,0.0,0.0,0.0,0.0,0.0,0.0,0.0,0.0835744465042917,0.0,0.0,0.0,0.0,0.0,0.2072697759047124,0.0,0.1135907151408051,0.0,0.0,0.0,0.0,0.0,0.0,0.0
1719,left,0.0,0.0,0.0,0.0,0.0334377509821928,0.0,0.1079362848430161,0.0,0.0345277403297474,0.0,0.0772934147631943,0.0330364701714372,0.0,0.0,0.0,0.1371530347261594,0.036941408876025,0.0,0.0,0.0386209967327422,0.1402047450519453,0.0,0.0310591165357698,0.1907015856298735,0.0320589797658221,0.0404150927912373,0.0346469979807365,0.0404439141710244,0.1036426616711017,0.342354661262224,0.2106847385228335,0.0405888189596479,0.0,0.0674723239910511,0.0,0.1082631480694703,0.0799219891216716,0.0,0.1881979529758371,0.0,0.0,0.2048197451014834,0.0,0.0287174364702798,0.0687794803723863,0.0322805408932235,0.1759026523349929,0.0365312449637081,0.0368034951998353,0.0323493465096973,0.0,0.0318071528399621,0.0,0.0338685192509442,0.0412731414350817,0.0339065411758139,0.034567392452332,0.1136058047375063,0.19259286269055,0.0,0.0655018623705969,0.0580427746188485,0.0785221263728986,0.0693339250037173,0.0,0.288911990045572,0.0332723508308471,0.0334377509821928,0.0342529408049106,0.0409123900453662,0.0627924053456828,0.102178665348484,0.3290211221859911,0.0,0.0,0.1590741537418743,0.0,0.0390903467589438,0.0,0.0,0.0381902284639908,0.0765810580328511,0.1875274470267833,0.0,0.1273844111272417,0.0355292235379306,0.0,0.0360222528129463,0.0,0.0,0.1895527122401555,0.0,0.1385082351169687,0.1576327086311779,0.1194652114665718,0.037795305137459,0.0,0.2581061057141643,0.1919828988834496,0.0791482811391963
1285,left,0.0,0.1321503779992616,0.0,0.0,0.0,0.0,0.0,0.0,0.0,0.4123206901614413,0.0,0.0,0.0,0.0,0.0,0.0,0.1451903470108257,0.0,0.0,0.0,0.0,0.0,0.0,0.0,0.1260009983006801,0.0,0.0,0.0,0.0,0.0,0.3312206136877232,0.0,0.0,0.0,0.0,0.0,0.0,0.1136253055436813,0.0,0.1040145019094094,0.1471258315559286,0.0,0.1368031913743853,0.0,0.1351615561821741,0.0,0.1152246575938314,0.0,0.0,0.1271422230018041,0.0,0.0,0.0,0.1331130082041567,0.1622153001066375,0.0,0.0,0.0,0.1513890531879362,0.0,0.1287205661180733,0.0,0.1543072546903873,0.1362511195051566,0.0,0.0,0.2615397901692827,0.0,0.4038716859686849,0.0,0.0,0.1338638340228326,0.0,0.0,0.0,0.0,0.0,0.0,0.0,0.0,0.0,0.0,0.0,0.0,0.1001314644896348,0.0,0.1619767198696494,0.0,0.2417931480983184,0.0,0.0,0.0,0.0,0.0,0.0,0.0,0.0,0.2898374649745374,0.0,0.0
1784,left,0.0,0.0,0.0,0.0,0.0,0.0,0.0,0.0,0.0,0.1636959491983463,0.0,0.0,0.0,0.0,0.0,0.0,0.0,0.0,0.0,0.0,0.0,0.0,0.0,0.0,0.0750357191947843,0.0,0.0,0.0,0.0,0.0,0.0986237303488966,0.0,0.0,0.0,0.0,0.0,0.0,0.0,0.062926736264938,0.0,0.0876159136182828,0.0798985546392151,0.0,0.0,0.0804909858842042,0.0755542946036591,0.2744729063461472,0.0,0.0,0.0,0.081657802083783,0.0744463051013681,0.6269350917853955,0.1585420820388247,0.0,0.0,0.0,0.0,0.0,0.0,0.0,0.0,0.1378388582886744,0.0,0.0,0.0966019465881773,0.0,0.0782628053522712,0.0801707997761336,0.0,0.2939378189512324,0.0,0.0,0.2363561806227342,0.0,0.0,0.0973206862303828,0.0,0.0,0.0,0.0,0.0,0.0,0.0,0.0596299755822347,0.0831580062770134,0.0,0.0,0.0,0.2856157770677438,0.0739430064636956,0.0,0.0810464424657237,0.0,0.0,0.3538475552112234,0.0,0.0,0.0,0.0
1131,left,0.0,0.0,0.1543764126597971,0.0,0.0,0.0,0.0,0.0,0.0,0.0754754085043022,0.0,0.0,0.0849456173044977,0.0,0.0,0.0,0.0,0.0,0.0,0.0833564797180464,0.0,0.0,0.0670355204835883,0.0,0.0,0.0,0.0,0.0,0.0,0.0,0.0909450279344643,0.0,0.0,0.364067209684503,0.0,0.0,0.0,0.0,0.0,0.0571196440729936,0.0807942640511517,0.0,0.0,0.0,0.0,0.0,0.1265514194534988,0.0,0.0,0.0,0.0,0.0,0.0,0.0730991112828574,0.0,0.0731811747736362,0.0,0.0,0.0,0.0752563423018973,0.0706869983181976,0.3131872410476535,0.0,0.0,0.0,0.0,0.0,0.0,0.0,0.0,0.0,0.0735114278611835,0.5810178714981622,0.0,0.0668986927300571,0.0,0.0,0.5062169243323842,0.0,0.0,0.0,0.0,0.0,0.0,0.0,0.0,0.0,0.0,0.066390447029652,0.0,0.0,0.0,0.0,0.0680443737423062,0.0,0.0,0.0,0.0,0.2302003223751737,0.0
2081,left,0.0,0.0474335629145555,0.0,0.0,0.0471713912680495,0.0,0.0,0.0,0.0,0.0,0.0,0.0,0.0,0.0,0.0,0.0773939547323439,0.0,0.0,0.0,0.0,0.0,0.0534566667617626,0.0,0.0,0.0452263275419879,0.1140289702022872,0.0,0.0,0.1462110459627869,0.2600594018421517,0.1486088618872707,0.0,0.0,0.0,0.0,0.0509097568614931,0.0,0.0815684852482513,0.0,0.0,0.0,0.0,0.0,0.5266603793057844,0.0,0.0455388888334457,0.0,0.0515354531651887,0.0,0.0456359544721561,0.0,0.0448710696043981,0.0,0.0955581716070898,0.0,0.0,0.0,0.0,0.0,0.0,0.0,0.0,0.0,0.0489054677487383,0.0,0.0,0.0,0.0471713912680495,0.0,0.173148100741176,0.0885826658258378,0.0480485844175272,0.0421961395950709,0.0,0.0437263644386325,0.4488190100337741,0.0586581601309189,0.2757281796182795,0.0,0.451940730427098,0.0,0.0,0.0,0.0,0.0718816274687041,0.0,0.0,0.0,0.0,0.0,0.0,0.0,0.0,0.0,0.0,0.0,0.0,0.052016588367011,0.1203709403492729,0.0
1850,left,0.0,0.1473978215971665,0.0,0.0,0.0,0.5650335277937805,0.0,0.0,0.0,0.0,0.0,0.0,0.0,0.0,0.0844841111291671,0.0,0.0,0.0,0.0709437208905557,0.0,0.0,0.0830571829984922,0.068077883696745,0.0835990318806638,0.0,0.1771701383370859,0.0,0.0,0.0,0.4617850069754559,0.230897925079714,0.0889658562355066,0.0,0.0,0.0,0.0,0.0,0.0633676678380165,0.0589296421224859,0.0,0.0,0.0,0.0,0.1258903998663859,0.0753782139959025,0.0,0.0,0.0,0.0,0.0709059141079104,0.0,0.0,0.0,0.0742357597934683,0.0,0.0743190993236261,0.1515352132028226,0.0,0.0,0.0,0.0717861398802206,0.0,0.0,0.0,0.0,0.0,0.0,0.1465831341226215,0.0,0.0,0.0,0.0,0.1311227467210742,0.1475619210981399,0.0,0.0581119326919978,0.0,0.0,0.0,0.0,0.0,0.0,0.0,0.0,0.1116845820841215,0.0,0.0,0.0,0.067422779727146,0.0,0.2769846438576003,0.0,0.0,0.1382048480694845,0.0872845042953476,0.0,0.0,0.1616393823509554,0.0935119212056957,0.1734836041452114
2214,left,0.0,0.0,0.0,0.0,0.0,0.0,0.0,0.0,0.0,0.0,0.3982796974819136,0.0,0.0,0.0,0.0,0.0,0.0,0.0,0.0,0.0,0.0,0.0,0.0640169182630672,0.0,0.0660777676951104,0.0,0.0,0.0,0.0712070457973743,0.7056379192809077,0.0,0.0,0.0,0.0,0.0719510760383729,0.0743815222269633,0.0,0.0,0.1108287707600218,0.0,0.0,0.0,0.0,0.0591904081085339,0.0,0.0665344342769429,0.0,0.0,0.0,0.1333525033778688,0.0,0.0655587193277605,0.0,0.0,0.0,0.0,0.0,0.0,0.0,0.0,0.0675039704466154,0.0,0.0,0.0,0.0,0.3402774600709228,0.0,0.0,0.0,0.1686516180500251,0.1294233941241216,0.0,0.0,0.0,0.0,0.1092909075089349,0.0857022997269674,0.0,0.0,0.0,0.0,0.2367654273235138,0.0,0.0,0.0,0.0,0.0,0.0,0.0,0.0,0.0,0.0,0.0713709158149507,0.0,0.0,0.0,0.0,0.0,0.1758675414504294,0.0
1240,left,0.0,0.0,0.0,0.0,0.0,0.0,0.0,0.0,0.0,0.0,0.0,0.0,0.0,0.0,0.0,0.269367032320439,0.0,0.0,0.0,0.0,0.0,0.0,0.0,0.0,0.0,0.0,0.0,0.0,0.0,0.0,0.0,0.0,0.0,0.0,0.3427998729449513,0.0,0.0,0.0,0.0,0.2598834536180726,0.0,0.0,0.0,0.0,0.0,0.0,0.0,0.0,0.0,0.0,0.0,0.0,0.0,0.0,0.0,0.0,0.0,0.0,0.0,0.0,0.0,0.0,0.1927707268270524,0.0,0.0,0.0,0.0,0.0,0.0,0.0,0.0,0.0,0.0,0.3305494059831039,0.0,0.5206997764442126,0.0,0.0,0.0,0.0,0.0,0.0,0.0,0.0,0.0,0.0,0.0,0.0,0.302063833578251,0.0,0.0,0.0,0.0,0.3095888837267861,0.0,0.3711477912555793,0.0,0.0,0.0,0.0
2276,left,0.0561941456599504,0.008905447934229,0.0,0.0661756608952938,0.0619935843267001,0.0390149333539249,0.0190584621666226,0.2412520905545633,0.0274347533064288,0.0740953953423904,0.0204717110164005,0.0174998885072845,0.0104240560294903,0.0,0.7248165268554649,0.0581215318389226,0.0097841950619678,0.0504099187026319,0.0857252306452631,0.0613742751591719,0.1114026737966668,0.0,0.0,0.0303052033346815,0.0254731468880216,0.0,0.0183530080129206,0.0107118585175457,0.1555528140330823,0.0139500105627971,0.1339232459837185,0.0,0.0500195229808462,0.0357410504525279,0.0647204183204985,0.0382323537357691,0.0635037229303731,0.0153141331542128,0.0427247719689207,0.0070094065955996,0.0198292498672807,0.0904132787382688,0.0460949759079679,0.0,0.0,0.017099462008343,0.0155296898045493,0.0870800420749734,0.0292430029297897,0.0514077279684073,0.0369616179130821,0.0168487016180905,0.1520229284864067,0.0269109551227469,0.0,0.053882332509973,0.0274662597470703,0.0501488432422773,0.1020191808293528,0.0184700836516952,0.0433715861045587,0.0230595629438981,0.2391671563596674,0.0183635835039438,0.1735994020985009,0.1202463378627174,0.035249675700432,0.1505558476505575,0.0181442703176807,0.0325078130613718,0.0831550773244927,0.0631464090796088,0.0316885767039063,0.0,0.0082094373252715,0.0140439739295566,0.1211409969550482,0.0,0.0196668042447581,0.0,0.08091963054399,0.0202830382663499,0.0496679790243105,0.044517681185158,0.0742250694095695,0.0188203354486017,0.0218308152756767,0.0667852502576013,0.0162941364515426,0.0754140517579905,0.1171435648375674,0.1347120242739176,0.0550273378021937,0.0334001158335841,0.0,0.0400414222567988,0.0525161874034252,0.0976589130049292,0.0790969466919371,0.0209629855776278
1718,left,0.0374690531185586,0.0,0.0,0.0,0.0,0.0,0.0762466470013262,0.0,0.0,0.0,0.0819005914398632,0.070011305734535,0.0,0.0,0.0,0.0,0.0391433506313264,0.0,0.0342958489670992,0.0,0.0,0.0,0.0,0.0404137214003478,0.0339698978473613,0.2569445285480223,0.0,0.0857092548155153,0.0,0.6697129212717715,0.0669728646815702,0.1290245083164694,0.0,0.0357470507521201,0.0,0.0,0.0,0.153167041303245,0.028487963142444,0.0560846668226395,0.0,0.0,0.0,0.3955793065147844,0.0,0.0342046654201209,0.0,0.0387087383540845,0.0389972164272395,0.0,0.0,0.0674061208860314,0.0,0.0,0.0874665637291509,0.0,0.0732556556093046,0.0,0.0,0.0,0.0,0.0,0.1248038130562398,0.0,0.0,0.0437332818645754,0.0,0.1062925576616333,0.0362946328490154,0.0433510274089925,0.0332676150452077,0.0,0.0633877933275391,0.035667436777696,0.0,0.3932972867058672,0.0440586670609403,0.0,0.0,0.0424320890067221,0.0,0.0,0.0,0.0,0.0269954656383165,0.0,0.0,0.0,0.0,0.0,0.1004256267436343,0.0,0.0,0.0,0.0421953647046425,0.0,0.0,0.0,0.0226029216260121,0.1257990293857899
1766,left,0.0416393500790415,0.0395931348138625,0.0421124811108222,0.0,0.1181228947863977,0.0,0.0,0.0,0.0,0.0,0.0,0.0389017739485813,0.0,0.0935231037944645,0.0907744976233966,0.0,0.0,0.0,0.0,0.0909555577075547,0.0825483665510497,0.3123446392436397,0.1462934416718403,0.0,0.0377507396341156,0.0475903992078113,0.0,0.0,0.0406811358763582,0.3721259073862281,0.0496179527043864,0.0955899375335364,0.0,0.039725689246829,0.0411062061062947,0.0424947388073925,0.0,0.0,0.0633173337246419,0.0311634386450186,0.04407988059957,0.0,0.0,0.676318756908507,0.0404953038848074,0.0380116367835154,0.0,0.0,0.0,0.0,0.0410823333025814,0.0374542032882791,0.0450590421115562,0.1994077262244157,0.0,0.0399263175924946,0.0,0.0,0.0,0.0,0.0,0.0683477043961887,0.0924629657547806,0.1632869772990736,0.0926176144982904,0.0,0.039179532923544,0.0,0.0,0.0,0.0369702929182395,0.0401064976688613,0.0352214200443192,0.0396372142554344,0.0,0.1560968513942138,0.0,0.0,0.0,0.0,0.0,0.0,0.0883284481124467,0.1484423831722537,0.030000054730602,0.0,0.0,0.0848353064825581,0.0,0.0478981075110402,0.0744019838746007,0.042780164115889,0.0,0.0371237724021402,0.0468916990533501,0.0,0.0,0.0,0.1507117295038058,0.0
2165,left,0.0,0.0,0.0,0.0,0.0,0.0,0.0994111608915701,0.0466073716481764,0.0477009573861337,0.0,0.0,0.1369221884304704,0.0,0.0,0.0,0.4547530306266747,0.0510355022874415,0.0,0.0447152798669557,0.0,0.0,0.0,0.0,0.0,0.0442903014517543,0.0,0.0,0.0,0.0477283303274779,0.0,0.058213272216531,0.0,0.0,0.0,0.0,0.0,0.0,0.2396409125141116,0.0371428987215314,0.0,0.0,0.0,0.0961747076173896,0.0793477476501772,0.0475103066541688,0.0445963938225745,0.0,0.1514065510196396,0.0,0.0,0.0,0.087884792210749,0.0528646213978972,0.0,0.0,0.0468427548484903,0.0,0.0,0.0,0.2408552748808716,0.0904925001118687,0.0,0.1356004102864515,0.0,0.5070882449704752,0.0,0.0,0.2771706551526999,0.0473213148060291,0.0,0.0433746579266684,0.0,0.0413228277496318,0.0,0.0856427646298862,0.03662750277704,0.1723324268850957,0.0,0.0,0.0,0.0,0.0,0.155444381947838,0.0,0.1055908954737453,0.0,0.0,0.0,0.042496057819668,0.1123909963721804,0.0,0.0501909732951549,0.0,0.0871094493328132,0.0,0.0,0.3287166683060185,0.0,0.0,0.0546726885360899
41,left,0.0,0.4439699930972784,0.0,0.0,0.0,0.0,0.0,0.0,0.0,0.0,0.0,0.2181087755821809,0.0,0.0,0.0,0.0,0.0,0.0,0.0,0.0,0.0,0.0,0.2050541672014929,0.0,0.0,0.0,0.0,0.0,0.0,0.1738650918800798,0.1390953395281212,0.0,0.0,0.0,0.0,0.0,0.0,0.1908667492354287,0.3549983646006356,0.3494452183481111,0.0,0.0,0.0,0.0,0.0,0.0,0.1935533261844149,0.0,0.0,0.0,0.0,0.0,0.0,0.2236020139643022,0.0,0.0,0.0,0.0,0.0,0.0,0.0,0.0,0.2592039154066364,0.0,0.0,0.0,0.0,0.0,0.0,0.0,0.0,0.0,0.0,0.0,0.0,0.175036198476842,0.0,0.0,0.0,0.0,0.0,0.0,0.0,0.0,0.0,0.0,0.0,0.0,0.0,0.0,0.4171461595870521,0.0,0.0,0.0,0.0,0.0,0.0,0.0,0.1408314131184014,0.0
1059,left,0.1966989518469889,0.0,0.0,0.0,0.0929995687152963,0.0,0.0,0.0938295316979926,0.0,0.097259819702115,0.0,0.0,0.0,0.0,0.0,0.1525841027325028,0.0,0.0,0.0,0.0,0.0,0.0,0.0863839330594626,0.0,0.0,0.0,0.0,0.2249712653860477,0.0,0.0,0.1757916358784388,0.0,0.0,0.0,0.0,0.0,0.0,0.0,0.074775741898838,0.0,0.0,0.0,0.0,0.0,0.0,0.0,0.0,0.0,0.1023606277414687,0.0899724169614662,0.0,0.0,0.0,0.0,0.0,0.0,0.0961414118847668,0.0,0.0,0.0,0.0910893342342058,0.0,0.109195799250621,0.0,0.0,0.0,0.0925395454694511,0.0,0.0952668354933232,0.0,0.1746429243657705,0.0,0.0,0.0,0.0,0.0,0.0,0.0,0.1032609287593692,0.0,0.1062175137969421,0.2129929543589532,0.0,0.0,0.0,0.0,0.8023617680940768,0.0,0.0,0.0,0.0,0.0,0.0963073603264676,0.0,0.0,0.0,0.0,0.0,0.0,0.0
2614,left,0.0347318143907991,0.0,0.011708819299538,0.01363369051118,0.0,0.0,0.0,0.0,0.0113043657069701,0.0114490018845454,0.0253058271082656,0.0216322491375775,0.0,0.0,0.0126193252171689,0.0359230704948164,0.0120945996371942,0.0,0.0423872311168771,0.0,0.0459029666228755,0.0,0.0,0.0,0.0104960946764587,0.0132318820933574,0.0226868212099861,0.0,0.0678651159435713,0.2241735054442467,0.1034671242772112,0.0,0.0,0.0,0.0,0.1181510100455614,0.0,0.0283955360841357,0.0264068228547044,0.0,0.0,0.0447052578694391,0.1595430969041221,0.0470103749805832,0.0,0.0211372673676774,0.0191968148106468,0.0,0.0,0.0105911606098375,0.0,0.0104136466611065,0.0751684300679553,0.0997968333632134,0.0270256136197651,0.0111009854004149,0.1358081735157839,0.0247963241714755,0.0252219245350447,0.0,0.0536131962049451,0.0,0.0449891867301259,0.0113499469796811,0.0,0.0675640340494129,0.1525069249776086,0.0218950074294696,0.0785007753157305,0.1339469697704398,0.1747447301325138,0.0111510820914648,0.0293785522885814,0.0,0.0101479842814814,0.0868013367054741,0.0136133450523792,0.0127981608745668,0.0364662788267607,0.0131107613433425,0.0,0.0501452037093903,0.0613963966665625,0.0,0.05838783357949,0.0116322508314114,0.8500547585651045,0.0235873367615459,0.0,0.0532697452957711,0.0,0.0237889194853828,0.034010647559817,0.0,0.0260752354827605,0.0618708243284989,0.0,0.0,0.041903406318832,0.0259131094746075
2065,left,0.2220346727449217,0.0,0.0,0.0,0.0349927789162505,0.0,0.0753039193049503,0.0,0.0,0.0,0.1213319359874517,0.0,0.0,0.0,0.0,0.0,0.0773187499567164,0.039835999536208,0.0338718087244975,0.0,0.0366812472617009,0.0,0.0,0.0399140386473861,0.0335498877249069,0.3383568249375779,0.0,0.0423247648398409,0.0361541933853947,0.5787534081013158,0.1984343992535672,0.1274292253462018,0.0,0.0,0.0,0.0755319620068504,0.0,0.0302546511147616,0.0,0.0,0.0,0.0,0.0,0.0,0.0,0.0675635051756389,0.0,0.0,0.038515047604696,0.033853758020444,0.0,0.0332863495477587,0.0,0.0,0.1295776663495781,0.0354833702724762,0.1085248636285282,0.0396296869258079,0.0,0.0,0.0,0.0,0.0205434525909353,0.0,0.0,0.1295776663495781,0.1044590604135845,0.1049783367487515,0.0716917585429696,0.1712601090372765,0.0328562880776763,0.0,0.0,0.0,0.0324371819969798,0.0,0.0870278350465171,0.0,0.0777076044691158,0.0,0.0,0.0,0.0,0.0,0.0266616886902841,0.0,0.0,0.0,0.0,0.0,0.4628584130503128,0.0,0.0,0.0,0.041673653383159,0.0,0.0,0.0771741060746411,0.2232345490748896,0.0
2459,left,0.0671325715145417,0.0,0.0,0.0,0.0,0.06991403035203,0.0683048149944475,0.0,0.0,0.0,0.0733698459702547,0.0627189453410842,0.0,0.0,0.1463501577673892,0.0,0.0,0.0722669046592564,0.0,0.0733210349207737,0.0,0.0,0.0,0.0724084762295158,0.0,0.2301812496227268,0.0,0.0,0.0,0.7499447350462454,0.0799959834149516,0.07705689816675,0.0,0.0,0.0662730161706175,0.0,0.0,0.0,0.0,0.0,0.0,0.0,0.0,0.0,0.0,0.0,0.0,0.0,0.0,0.0614144575686437,0.0662345275126656,0.0,0.0,0.0642985705391725,0.1567121359085021,0.3862245255032788,0.196876093591505,0.0,0.0,0.0,0.0,0.0,0.0745361857137123,0.0,0.0497739007053835,0.0,0.0,0.0634807673246556,0.0650283856285583,0.0,0.0,0.0,0.0,0.0,0.0,0.1509992305767239,0.0,0.0,0.0,0.0760247460949114,0.0,0.072693649896614,0.0,0.0,0.0483672491482045,0.0,0.0,0.0683873819906833,0.0,0.0,0.1199537575347379,0.0,0.0,0.059852382444621,0.0,0.0,0.0752864199313384,0.0,0.040497213732478,0.0
1089,left,0.0,0.1310943553351523,0.0,0.0,0.0,0.0,0.2805537497793567,0.0,0.0,0.2726838716438695,0.1506788753425513,0.1288052335628026,0.0,0.0,0.1502788842403685,0.0,0.0,0.0,0.1261934709000226,0.0,0.0,0.0,0.1210957689754327,0.0,0.0,0.0,0.0,0.1576859689900131,0.5387870707469915,0.0,0.0821434518056168,0.0,0.0,0.0,0.0,0.140701675057574,0.0,0.1127173179942916,0.0,0.0,0.1459501390232908,0.0,0.0,0.0,0.0,0.0,0.0,0.1424309411832564,0.0,0.0,0.0,0.0,0.0,0.0,0.0,0.0,0.0,0.0,0.0,0.0,0.0,0.0,0.2296112623751237,0.1351623275365971,0.2044402650849117,0.0,0.0,0.0,0.0,0.0,0.0,0.0,0.0,0.0,0.0,0.2067370133693662,0.0,0.1524085720480486,0.0,0.0,0.0,0.0,0.0,0.0,0.0,0.1385241798642523,0.0,0.0,0.1199304812982947,0.0,0.0,0.0,0.1350067477096674,0.1229182037125169,0.0,0.0,0.3092298459620638,0.0,0.0,0.0
1091,left,0.3026805626576153,0.0,0.1530598995101471,0.0,0.143107838254057,0.0,0.0,0.0,0.0,0.0,0.0,0.1413904252201888,0.0,0.0,0.0,0.0,0.0,0.162914862862432,0.2770469493674118,0.0,0.0,0.0,0.0,0.0,0.0,0.0,0.0,0.0,0.2957152086483879,0.0,0.2705083619336176,0.0,0.0,0.1443849862013574,0.0,0.0,0.0,0.0,0.0,0.0,0.0,0.0,0.1489698232403939,0.0,0.0,0.0,0.0,0.0,0.0,0.0,0.0,0.0,0.0,0.0,0.0,0.2902283597319083,0.0,0.0,0.0,0.1492291211043196,0.0,0.0,0.0840153077753473,0.0,0.0,0.1766419653006564,0.2847999079584543,0.143107838254057,0.0,0.0,0.4031110850986365,0.0,0.0,0.0,0.0,0.2269366967514897,0.0,0.0,0.1588980303349403,0.0,0.0,0.0,0.0,0.0,0.0,0.1520589820190407,0.0,0.0,0.0,0.0,0.0,0.0,0.0,0.0,0.0,0.0,0.1697219057098006,0.0,0.0,0.0
2325,left,0.0,0.0821319095877008,0.0,0.0,0.0,0.0,0.0,0.0,0.0,0.0,0.0944018049806331,0.0,0.0,0.0,0.0,0.0,0.0,0.0929826981368193,0.0,0.0,0.0,0.0,0.0,0.0,0.0783100491808607,0.0,0.0846317673132315,0.0,0.0,0.2573123810846945,0.0514636846084822,0.0,0.0922626008129804,0.0,0.1705412425304363,0.0,0.0,0.0,0.0656726671587746,0.0,0.0,0.0,0.0,0.0,0.084003367074359,0.078851253639334,0.0716125167634649,0.0892343926925552,0.0,0.0790193242157947,0.0852210995750211,0.0776949148536545,0.0,0.0,0.0,0.0,0.0,0.0,0.1881776233597862,0.0851716416603603,0.0,0.0,0.1438537257649164,0.0,0.0640419235638024,0.0,0.0,0.0,0.0,0.0,0.0,0.0831968283366371,0.3653161716330713,0.740010130937211,0.0,0.0647613913164843,0.1015674642263725,0.0,0.0,0.0,0.0,0.0935317727619696,0.0,0.0,0.0622320458923902,0.0,0.0,0.0,0.0,0.0,0.0,0.0887430759860671,0.0845830620873929,0.0,0.0,0.0,0.0,0.0900674853482073,0.0,0.0
2153,left,0.0257509718735897,0.0,0.0,0.0,0.0243501986742308,0.1609073677841566,0.0,0.0245675089671719,0.0251439559212384,0.0,0.0281434897744143,0.12028988023121,0.0,0.3759429546812902,0.0,0.0,0.0,0.0277204192732107,0.0471403127983089,0.0843742999288365,0.0255251422180193,0.0,0.0226180181404798,0.0,0.0233461433158781,0.0,0.0504616045945135,0.0589045205673341,0.0,0.6136889748981352,0.1073980923649447,0.0,0.0,0.0,0.0254212603045879,0.0788399066071517,0.0291005862593573,0.0,0.0783145210844503,0.0,0.0,0.0248591354538291,0.0,0.2509529844294783,0.0,0.0940299584718158,0.0,0.0,0.0268012169986955,0.0706727867175183,0.0508129933521079,0.0231627567095396,0.0,0.0,0.0,0.0246915833073446,0.0503456631585449,0.0275768538517772,0.0,0.0,0.0,0.0,0.1286589550138443,0.0252453409561521,0.0190924656718317,0.0,0.072689250558864,0.0487003973484617,0.0,0.0,0.3658158818670506,0.0248030118495743,0.0,0.0,0.0225718519797763,0.0193069566272195,0.0302797482681028,0.0,0.0270369439913614,0.0,0.0278110705175022,0.0836523355940926,0.1092497062833027,0.0,0.2226347618127869,0.0,0.0300119186904272,0.0262322969375463,0.0224003681099017,0.0,0.0920246541051788,0.105825936361125,0.2017302566139328,0.0229584087444783,0.0579983511335079,0.0825704327010887,0.0,0.0268513229532476,0.0621363125682085,0.0288188695987609
1132,left,0.0,0.0,0.0,0.0,0.0,0.0,0.0,0.0,0.0,0.0,0.0,0.0,0.0,0.0,0.0,0.2303356625167962,0.0,0.0,0.0,0.0,0.0,0.0,0.0,0.0,0.0,0.0,0.0,0.0,0.0,0.0,0.0,0.0,0.0,0.0,0.0,0.0,0.0,0.0,0.0,0.4444525148501609,0.0,0.0,0.0,0.0,0.0,0.0,0.0,0.0,0.0,0.0,0.0,0.0,0.0,0.0,0.0,0.0,0.0,0.0,0.0,0.0,0.2750105911863174,0.0,0.0,0.0,0.2201518481966788,0.0,0.2793889682213762,0.0,0.0,0.0,0.0,0.0,0.0,0.0,0.0,0.2226251055046519,0.0,0.6564857231711915,0.0,0.0,0.0,0.0,0.0,0.0,0.0,0.0,0.0,0.0,0.2582946867337575,0.0,0.0,0.0,0.0,0.0,0.0,0.0,0.0,0.0,0.0,0.0
2161,left,0.0520796453456848,0.0495203795283951,0.0,0.0,0.0,0.0,0.1589671210290026,0.0,0.0508519955438513,0.0,0.0,0.3405897091813417,0.0,0.0,0.0,0.1211982963978351,0.0544068143934908,0.0,0.0476690896186811,0.1137609779844445,0.0,0.0,0.0,0.0,0.0944320758105015,0.0,0.2041105464878977,0.0,0.0,0.0,0.1861762040991172,0.0,0.0556285496279243,0.0,0.0,0.0,0.1177080398501918,0.0,0.0395964907996185,0.0,0.0,0.0502759648991564,0.0,0.0,0.0,0.0950847003585145,0.0,0.0,0.0,0.2382184308685207,0.0,0.0468451505668568,0.0,0.0498811035294431,0.0,0.0,0.0,0.1673171143287957,0.0,0.0,0.0,0.0,0.0867347554953124,0.1021140802049281,0.0,0.0,0.1960122985199797,0.0,0.0,0.0,0.0462399086405798,0.1003249172086939,0.0,0.0,0.0,0.0780940974799754,0.0612387974597859,0.0,0.05468043929423,0.0589779554811345,0.0562460592301301,0.0,0.0,0.1237743729621821,0.1125660372523894,0.05232696665848,0.6676684274811414,0.0,0.0,0.0,0.0465284511627728,0.0535064973578228,0.2039930817275797,0.0464318702603989,0.0,0.0,0.0,0.0,0.0,0.0
2349,left,0.0,0.0,0.0,0.0,0.0,0.0,0.0,0.0,0.056010302911578,0.0,0.0,0.0535911902649857,0.0,0.0,0.0,0.0,0.0,0.0,0.0525045304615253,0.0,0.0,0.0,0.0,0.0618705624801343,0.0520055222430186,0.1966819926081124,0.0,0.0,0.1120848882535424,0.7689625027752657,0.136707654897923,0.0,0.0,0.0547262182348924,0.0,0.0,0.0,0.0937951831257802,0.0,0.0429308383711202,0.0607245641597679,0.0,0.0,0.0,0.0,0.0523649348701024,0.0,0.0,0.0,0.0,0.0,0.0515970129613799,0.0,0.0,0.2678103034619575,0.0550026043929973,0.1121492517974272,0.0614297902217403,0.0,0.0,0.0,0.0,0.1592215433664696,0.0,0.0425300930751685,0.0,0.0,0.0,0.0,0.0,0.0509303767111598,0.0552508209593494,0.0,0.0,0.0,0.0430078899429602,0.0,0.0,0.0,0.0,0.0619515277890223,0.0621142336096297,0.0,0.0,0.0,0.0,0.0668541045042401,0.1753040256045039,0.0,0.0,0.2562409415561843,0.0,0.0,0.0,0.0645981329575892,0.0,0.0,0.0598136083637365,0.2422243729028646,0.0
2099,left,0.0,0.1989205896274022,0.0,0.0,0.0,0.2178687025165459,0.0,0.0,0.0510674041356684,0.0,0.0571594609296976,0.0,0.0,0.0,0.0,0.162282255042559,0.0,0.0,0.0,0.0,0.0,0.0560448710700916,0.0,0.1128209937825927,0.0,0.0,0.0,0.0,0.0,0.116850284242622,0.1869648448107732,0.1800956797120047,0.0558641916595107,0.0,0.1548918289960728,0.0,0.0,0.0427588878623357,0.0,0.0391421998992237,0.2768281635438332,0.050488933430388,0.0,0.0849476345664403,0.0,0.0,0.0,0.0,0.0544333033388772,0.0,0.0,0.0,0.1131909770092073,0.0,0.0,0.0,0.0,0.0,0.0,0.0,0.0,0.0,0.1161362175103619,0.2050932690446852,0.0,0.0,0.0984213024191869,0.5440081045375416,0.1519829059950792,0.0,0.0,0.0,0.0442391444607041,0.3484985874168938,0.0,0.0392124516842328,0.0,0.0,0.0,0.0,0.0,0.0,0.0,0.0,0.1130428659650414,0.0525486232145583,0.0,0.1598334780707677,0.1364855221635803,0.0,0.1401766357794387,0.0,0.0,0.0,0.0,0.0,0.0,0.1636052057750319,0.1892983861823818,0.0
1166,left,0.0,0.0,0.0,0.0,0.0,0.0,0.0,0.1077392399946987,0.1102672112599732,0.0,0.0,0.0,0.0,0.0,0.0,0.0,0.0,0.3646983797365348,0.0,0.1233393661192186,0.0,0.121014798831479,0.0,0.0,0.0,0.0,0.0,0.0,0.1103304875141912,0.0,0.4709874681939147,0.0,0.0,0.1077392399946987,0.0,0.0,0.0,0.0923270606947597,0.0,0.0,0.1195481544787502,0.1090181493084904,0.0,0.0917115224996356,0.0,0.0,0.0,0.0,0.0,0.2066206587306647,0.0,0.0,0.0,0.0,0.0,0.0,0.2207876872245685,0.0,0.1230122659325343,0.1113539053876025,0.0,0.0,0.0626917357945595,0.0,0.4186439381902104,0.0,0.106258020453776,0.0,0.1093896161156074,0.1306571212943268,0.0,0.0,0.0,0.0,0.0,0.0,0.0,0.0,0.0,0.0,0.0,0.0,0.0,0.0,0.0,0.0,0.1316153507793567,0.0,0.0,0.0,0.1008920593792738,0.0,0.2211687859823604,0.3020479015096275,0.0,0.0,0.0,0.1177547602282663,0.0681237066110092,0.0
1268,left,0.0,0.0248668818769223,0.2909410199710475,0.0,0.0494588785896462,0.0136177841125074,0.1862607988207609,0.1247506703655039,0.0,0.0387934187282951,0.0,0.0122163327320499,0.1018756385499761,0.0,0.0,0.0507168925351406,0.0546412543565747,0.0140760745900888,0.0478744966018877,0.028562794032306,0.0,0.0280244733100334,0.1378216861530898,0.0,0.0,0.0149448236561693,0.0,0.0,0.0,0.0194764635877311,0.0233723050980046,0.0150090646803027,0.0279341270352929,0.0124750670365503,0.3227147763302911,0.0400338968592145,0.0,0.0748334952110317,0.0099417782015398,0.1663664467619046,0.2768482943246441,0.0252463024779272,0.0128712034418541,0.031857679465625,0.0381502478778597,0.0,0.010840975232438,0.0,0.0,0.0,0.3612306395977392,0.0117617517953867,0.0,0.100192084242485,0.0,0.0125380704005967,0.0127824421218626,0.0,0.028487044532741,0.0902552500084712,0.0242214904054727,0.3541435396084388,0.145180828584519,0.0,0.3490167611550094,0.0,0.0,0.0,0.0,0.0,0.0,0.0251893047801673,0.0110605903763005,0.0622364160765474,0.2292339585287769,0.0294114773929471,0.0,0.0433648643581184,0.0,0.0296160462875856,0.0,0.0141591955957598,0.0,0.0,0.0,0.0,0.0,0.0532817003556804,0.1251208267010792,0.0,0.0116822357784776,0.0,0.0,0.0,0.0147254106911432,0.0,0.0879852763229038,0.0,0.2997442404282138,0.0585354145009245
964,right,0.1016125629620088,0.0,0.1027671452661234,0.0,0.0960851539145339,0.0,0.0,0.0,0.3968691848529669,0.0,0.0,0.0,0.0,0.0,0.0,0.0,0.106153101013369,0.0,0.0,0.0,0.4028857836473038,0.0,0.0,0.0,0.0921231815734977,0.0,0.0,0.0,0.0,0.0,0.0,0.2332682553335508,0.1085368278534379,0.0,0.1003115309959547,0.0,0.0,0.0830749342871532,0.0,0.0,0.0,0.0,0.0,0.0,0.0988207454691232,0.0,0.0,0.0,0.0,0.2788726975155272,0.0,0.0,0.1099576421072158,0.0,0.0,0.0974322474415986,0.1986624773882207,0.0,0.0,0.0,0.0,0.0,0.2820468772800544,0.0,0.0,0.1186005646563399,0.1912197355846606,0.0,0.0984276451791863,0.0,0.0902186563850663,0.0,0.0,0.2901802445180009,0.0,0.0,0.0,0.0,0.1066869703834422,0.1150718514866748,0.2194833008923334,0.0,0.0,0.0,0.0732091746002387,0.0,0.23685226270387,0.0,0.0,0.0,0.0,0.1043964930168023,0.0,0.0905931925795946,0.0,0.0,0.11395431327698,0.0,0.0,0.0
904,right,0.0,0.0,0.0,0.0,0.2176213928067024,0.0,0.0,0.0,0.0,0.0,0.0,0.0,0.0,0.0,0.0,0.0,0.0,0.0,0.0,0.0,0.2281220402095958,0.0,0.0,0.0,0.0,0.0,0.0,0.0,0.0,0.0,0.1371189894466047,0.0,0.0,0.0,0.0,0.0,0.0,0.0,0.3499543347345248,0.0,0.0,0.0,0.0,0.0,0.0,0.0,0.0,0.0,0.0,0.210537779516812,0.0,0.0,0.0,0.0,0.0,0.0,0.0,0.0,0.0,0.0,0.0,0.0,0.0,0.0,0.0,0.0,0.0,0.0,0.0,0.0,0.0,0.0,0.1946684722009701,0.0,0.0,0.0,0.2706146705453528,0.0,0.0,0.0,0.2485517256936885,0.4984090144278914,0.0,0.0,0.0,0.0,0.0,0.0,0.0,0.0,0.0,0.472891165572983,0.225361710611198,0.0,0.0,0.0,0.0,0.0,0.1388303958611671,0.0
514,right,0.0,0.0,0.0,0.1446476707410546,0.0,0.0,0.0,0.0,0.0,0.0,0.1342420434285491,0.1147544917524296,0.0,0.0,0.0,0.0952821334157627,0.0,0.0,0.0,0.0,0.0,0.0,0.0,0.0,0.0,0.1403846539390726,0.120348772837855,0.0,0.0,0.2744291264613114,0.2195484562701644,0.1409881039461891,0.0,0.0,0.0,0.2507064156220779,0.0,0.0,0.0,0.0,0.0,0.0,0.0,0.0,0.0,0.0,0.0,0.0,0.0,0.1123677196134918,0.0,0.0,0.0,0.1176446724750193,0.0,0.0,0.0,0.0,0.0,0.0,0.0,0.1008078203682529,0.0,0.1204181209995248,0.0,0.0,0.2311476794699148,0.0,0.0,0.0,0.0,0.0,0.2077959818144536,0.0,0.0,0.0,0.0,0.4073491675839361,0.0,0.0,0.0,0.1330048329440037,0.1302779429007803,0.0,0.0,0.1234132450681341,0.4294628695134804,0.0,0.0,0.0,0.1097374358324555,0.1261951703460402,0.0,0.2190192992006648,0.0,0.2625692762677137,0.0,0.0,0.074096226490847,0.0
628,right,0.0,0.0,0.0,0.0,0.0,0.0,0.0,0.2208519827849875,0.0,0.0,0.0,0.0,0.2576503391619733,0.0,0.0,0.0,0.2418349603082634,0.2491953729741339,0.2118861860297414,0.0,0.0,0.0,0.0,0.0,0.0,0.0,0.0,0.0,0.0,0.0,0.1379236388877779,0.0,0.0,0.0,0.0,0.0,0.0,0.0,0.0,0.0,0.245058782261849,0.0,0.0,0.0,0.0,0.0,0.0,0.2391498441615588,0.0,0.0,0.2283941434202571,0.0,0.0,0.0,0.0,0.2219673609894487,0.2262935885776478,0.0,0.2521597779918546,0.0,0.2144022219032261,0.0,0.1285102266838183,0.0,0.0,0.0,0.2178156677657917,0.0,0.0,0.0,0.0,0.0,0.0,0.2203601127218913,0.0,0.0,0.0,0.0,0.0,0.0,0.0,0.0,0.0,0.0,0.3335660977331171,0.0,0.0,0.0,0.201370261787469,0.0,0.0,0.2378331061836873,0.0,0.0,0.0,0.0,0.0,0.0,0.0,0.0
485,right,0.0,0.0,0.0,0.0,0.1163746254306413,0.0,0.0,0.117413196174214,0.1201681551483728,0.0,0.0,0.0,0.1369765823919689,0.0,0.1341464943609799,0.0,0.0,0.0,0.0,0.0,0.0,0.0,0.0,0.0,0.0,0.0,0.0,0.0,0.0,0.0916545712061584,0.0733253786793392,0.0,0.0,0.0,0.1214934500329985,0.0,0.0,0.0,0.0,0.0,0.1302824385504241,0.0,0.0,0.0,0.0,0.0,0.1020334037449802,0.0,0.0,0.0,0.0,0.0,0.1331764470590932,0.0,0.0,0.0,0.0,0.0,0.0,0.0,0.0,0.1010041937153733,0.0,0.2413053903129055,0.4562341709881313,0.0,0.0,0.3491238762919239,0.0,0.0,0.0,0.0,0.0,0.0,0.0,0.0,0.0,0.0,0.0,0.0,0.0,0.0,0.0,0.5849814896914302,0.0886681232749787,0.0,0.0,0.0,0.0,0.0,0.0,0.0,0.2410276335477899,0.0,0.1385930455651609,0.0,0.0,0.1283280146008944,0.0742405657291308,0.0
348,right,0.0,0.0,0.2085142652876889,0.1820947241160298,0.0487391306376688,0.0536784478566008,0.0,0.0,0.0503279077426967,0.1019436783146678,0.0,0.0,0.0573674846969326,0.1736501337674299,0.2809110443557059,0.0,0.0,0.0,0.0471778052925871,0.0,0.0,0.2761664851001131,0.0,0.0,0.0,0.0,0.0505017386392243,0.0,0.0,0.2303163994569702,0.0921287230085779,0.0591625839535825,0.0,0.0491740968939308,0.0,0.0526017406674397,0.0582474621378984,0.0,0.0,0.0771507797866859,0.1091277891345424,0.0497578137506492,0.0,0.2930113397622102,0.0,0.0,0.0,0.1064964639273171,0.0,0.0,0.1017068137394823,0.0,0.1115518821573743,0.0,0.0,0.0,0.0,0.0,0.0561449763744951,0.0,0.1909520666501339,0.0846036079468198,0.2289089464942999,0.0,0.2675071089631705,0.0,0.0969960841344038,0.0,0.0,0.0,0.0,0.0,0.0871970533344209,0.3434520522989962,0.0451796084744344,0.0772892487539083,0.0,0.0569783990068759,0.0,0.0,0.0,0.0,0.0,0.0,0.0742706105854969,0.0,0.0,0.0,0.0448363679593204,0.0,0.0920978448332983,0.0,0.0504726751012201,0.0459533368906065,0.116088958882169,0.3305444165008913,0.0,0.0,0.1554643298870641,0.1153671613932587
636,right,0.0,0.0,0.0,0.0,0.0,0.0992231159167386,0.0,0.0908969486085361,0.0,0.0,0.0,0.0,0.1060421977763187,0.0,0.623107490533837,0.0,0.0,0.0,0.0872068591802261,0.0,0.1888801622921696,0.0,0.0836840574797111,0.0,0.0,0.0,0.0933510573998535,0.0,0.0,0.0709555750130687,0.0567657928979971,0.0,0.0,0.0908969486085361,0.0,0.0,0.107668811568549,0.0,0.072438673044014,0.0713055338922189,0.0,0.0919759329616503,0.0,0.0773747573109868,0.0,0.0,0.0,0.0,0.2974842318077826,0.1743207711417606,0.0,0.0856995273339435,0.0,0.0,0.0,0.0,0.0,0.1020311774669379,0.0,0.0,0.0,0.0,0.1586744296779443,0.0,0.0,0.0,0.0,0.3603717023906304,0.0,0.0,0.0845922847191376,0.0,0.0,0.0,0.0835132480117048,0.0,0.0,0.0,0.0,0.0,0.1028977521064796,0.0,0.0,0.0,0.0,0.0,0.0,0.0,0.0828787774787741,0.0,0.1702403012469452,0.0,0.0932973342592732,0.0849434634406421,0.0,0.0,0.0,0.0,0.0,0.3198794772854286
830,right,0.0,0.0,0.0,0.0,0.1746587574857921,0.0,0.0,0.0,0.0,0.0,0.0,0.0,0.2055788329861496,0.0,0.0,0.0,0.0,0.0,0.0845318406945636,0.0,0.0915431878830085,0.0,0.0,0.0,0.0,0.1055521032851413,0.090487569291829,0.0,0.0,0.1375581099876583,0.0,0.1060058239425731,0.0,0.0,0.0,0.0,0.1043661348756533,0.0755047174806745,0.0,0.0691182790927138,0.0,0.0,0.0,0.0,0.0,0.0,0.0,0.0,0.0,0.0,0.273353035074158,0.0,0.0,0.0,0.0,0.0885537181547034,0.0,0.0,0.0,0.0910647983743069,0.342142445547442,0.0757951611440222,0.1538071860163736,0.0,0.4793115783851666,0.0,0.0,0.0,0.0,0.0,0.0,0.1779066893666268,0.0,0.0,0.0,0.0,0.0,0.0,0.0,0.0,0.0,0.0,0.0,0.548724323298612,0.0,0.0,0.0,0.0,0.0,0.0,0.0,0.0,0.0,0.1646757465435011,0.1040024362914479,0.0,0.0,0.0,0.0557113069851313,0.0
939,right,0.0,0.0,0.0,0.3054377374443888,0.0,0.0,0.0,0.1237237237575011,0.0,0.2564938105896203,0.0,0.0,0.0,0.0,0.0,0.0,0.0,0.1396020044679217,0.0,0.0,0.0,0.1389688802513568,0.2278118983975292,0.0,0.0,0.0,0.0,0.0,0.0,0.0965806674080932,0.0,0.0,0.0,0.0,0.1280232762587012,0.1323477937081396,0.0,0.0,0.0,0.1941140228074397,0.0,0.0,0.0,0.1053180909358845,0.0,0.0,0.2150346480688676,0.0,0.0,0.0,0.0,0.0,0.0,0.2484182593405381,0.0,0.0,0.0,0.0,0.0,0.2557493412831304,0.0,0.1064327977499897,0.2879714021263183,0.0,0.192302032069083,0.0,0.3660682394907027,0.0,0.0,0.0,0.0,0.0,0.0,0.0,0.3410203593827194,0.0,0.1524909674471031,0.0,0.0,0.0,0.0,0.0,0.0,0.0,0.0,0.0,0.0,0.0,0.0,0.0,0.0,0.0,0.0,0.0,0.0,0.1386101920182161,0.0,0.0,0.1564614463308314,0.1451338784898792
67,right,0.1145471994935292,0.0,0.0,0.0,0.0,0.0,0.0,0.0,0.0,0.0,0.1251897580199769,0.0,0.0,0.0,0.0,0.0,0.0,0.0,0.0,0.0,0.1135426488794723,0.0,0.0,0.0,0.0,0.0,0.3367000389320966,0.1310115187422733,0.0,0.3412315551608955,0.0682479135253193,0.1314809143687773,0.0,0.1092828404510781,0.0,0.0,0.1294471787702889,0.0,0.0870909757691621,0.0857286344911529,0.0,0.0,0.0,0.1860509816357771,0.0,0.0,0.0,0.0,0.0,0.2095809519639356,0.0,0.0,0.0,0.0,0.0,0.0,0.0,0.0,0.0,0.0,0.0,0.0,0.2543597285733627,0.0,0.0,0.0,0.107780399197811,0.0,0.0,0.0,0.0,0.0,0.0,0.0,0.0,0.0858824988527601,0.0,0.0,0.6013377344119106,0.1297197703128708,0.2474221367904309,0.0,0.0,0.0,0.1650564789085283,0.0,0.0,0.0,0.0,0.0,0.0,0.0,0.0,0.0,0.1289960769286405,0.0,0.0,0.0,0.0,0.0
984,right,0.0534527539878411,0.0508260117123695,0.0,0.5665259525256835,0.0,0.0,0.0,0.0,0.052192736520267,0.1057210557885039,0.0,0.0,0.1189863098988831,0.0,0.0,0.0,0.0558412801341851,0.057540847744485,0.0489259115206866,0.0,0.158951959659872,0.1145597759894964,0.1408485122764097,0.0,0.0,0.0,0.0,0.0,0.0,0.0,0.0,0.0,0.0,0.0509961728575822,0.0,0.0,0.0,0.0,0.1625618966830535,0.0400047458988991,0.0,0.1032030370183237,0.0,0.0868195590511606,0.0519841330882584,0.0,0.08863250919268,0.0552212691864304,0.0,0.0,0.0,0.0,0.0,0.1023924928022682,0.0623892028760717,0.0,0.0,0.057242840850193,0.0,0.3689497072241007,0.0990137614464726,0.0,0.1186954203678636,0.0,0.396313147164903,0.0,0.0,0.0,0.0,0.0,0.0474590493959644,0.051485019558137,0.0,0.1526477904917284,0.0468536743718928,0.0,0.0,0.0,0.0,0.0,0.0577290176777826,0.0,0.0,0.063518876367454,0.0,0.0,0.0,0.0,0.1394931467084169,0.0,0.0,0.0549172257421248,0.0,0.0,0.0,0.342792267997271,0.0599450667898729,0.0,0.0,0.0
817,right,0.0,0.0,0.0,0.0,0.0,0.0,0.0,0.0,0.0,0.158644787100239,0.0,0.0,0.0,0.0,0.0,0.0,0.0,0.0,0.0,0.0,0.0,0.0,0.1409046480969543,0.0,0.0,0.0,0.0,0.0,0.0,0.0,0.0,0.0,0.0,0.3060989856969573,0.0,0.0,0.0,0.0,0.1219700148544035,0.1200620699215556,0.0,0.0,0.0,0.0,0.1560145548087506,0.0,0.0,0.0,0.0,0.0,0.0,0.0,0.0,0.0,0.0,0.0,0.0,0.0,0.0,0.1581843230665875,0.0,0.0,0.0,0.0,0.0,0.0,0.0,0.0,0.0,0.0,0.0,0.0,0.6784804212826323,0.0,0.1406170443560997,0.0,0.0,0.532018824268246,0.0,0.0,0.0,0.0,0.0,0.0,0.0,0.0,0.0,0.0,0.1395487423417983,0.0,0.0,0.0,0.0,0.0,0.0,0.0,0.0,0.0,0.0,0.0
293,right,0.0,0.1011209869848939,0.2151108102113732,0.0,0.0,0.0,0.0,0.0,0.1038401568913081,0.0,0.0,0.0993552492278653,0.0,0.1194291460634201,0.0,0.0,0.0,0.0,0.0,0.0,0.0,0.0,0.0934084739742179,0.0,0.0,0.0,0.0,0.0,0.0,0.0,0.0,0.0,0.0,0.1014595314106844,0.0,0.0,0.0,0.0,0.0,0.0,0.0,0.0,0.0,0.0,0.1034251295416803,0.0,0.0,0.0,0.2213687127626387,0.0,0.0,0.0,0.0,0.1018575881047258,0.0,0.0,0.0,0.0,0.0,0.0,0.0984965074499189,0.0872801226675607,0.0,0.0,0.3153942262729327,0.0,0.0,0.0,0.0,0.0,0.0,0.0,0.4497780706977619,0.0,0.0,0.0,0.0,0.5878096425683567,0.0,0.2408668562478904,0.0,0.0,0.0,0.2527481993589207,0.0,0.0,0.0,0.0,0.0,0.0,0.0950114467874819,0.0,0.104138851311483,0.0948142278593366,0.0,0.0,0.0,0.0,0.0641530360809305,0.0
935,right,0.0,0.0,0.0941807627539341,0.0,0.0880570639727893,0.0,0.0,0.0,0.0,0.0,0.0,0.0,0.0,0.0,0.0,0.0,0.0,0.0,0.085236215016408,0.1017069473900647,0.0,0.0,0.1635860386175558,0.0,0.0,0.1064316321178253,0.0,0.0,0.0,0.0,0.0554830362486864,0.0,0.0,0.2665287545760855,0.0919303195369406,0.0,0.0,0.0,0.0,0.0,0.0,0.0,0.0,0.0,0.0,0.0,0.0,0.0,0.0,0.0,0.0,0.0,0.0,0.0,0.0,0.0,0.0,0.0,0.0,0.091823609552104,0.0862483497795078,0.0,0.0,0.0,0.3452182246139066,0.0,0.0,0.0,0.0,0.0,0.0,0.5381673711271618,0.3150781067799148,0.0,0.0,0.0,0.0,0.5147148154647067,0.0,0.0,0.0,0.0,0.0,0.1106593303094165,0.0,0.0,0.0,0.0,0.0,0.0,0.0,0.0,0.0,0.0,0.2097381045799998,0.0,0.0,0.0,0.0,0.0
606,right,0.0,0.0,0.0,0.0,0.0,0.0,0.0,0.3286677969404996,0.0,0.0,0.0,0.3218511895744669,0.0,0.0,0.0,0.0,0.0,0.0,0.0,0.0,0.0,0.0,0.0,0.0,0.0,0.0,0.0,0.0,0.3365726198592525,0.0,0.0,0.0,0.0,0.0,0.0,0.0,0.0,0.2816516214336723,0.0,0.2578285970297231,0.0,0.0,0.0,0.0,0.0,0.0,0.2856160560815058,0.0,0.0,0.0,0.0,0.0,0.0,0.0,0.0,0.0,0.0,0.0,0.0,0.0,0.0,0.0,0.3824930395088656,0.0,0.0,0.0,0.0,0.0,0.0,0.0,0.0,0.0,0.0,0.0,0.0,0.0,0.0,0.0,0.0,0.0,0.3720606468388132,0.0,0.0,0.0,0.0,0.3461363396573381,0.0,0.0,0.0,0.0,0.0,0.0,0.0,0.0,0.0,0.0,0.0,0.0,0.20781721285915,0.0
488,right,0.0,0.0,0.0,0.0,0.0,0.3928956519543718,0.0,0.0,0.1227905358272806,0.2487232123469009,0.0,0.1174871519378817,0.0,0.4236733440379486,0.0,0.0975510963852638,0.0,0.0,0.0,0.0,0.0,0.0,0.1104551159539213,0.4069136814452322,0.1140109160323395,0.1437276477392229,0.0,0.143830144822251,0.0,0.0936547115625436,0.2247765856101581,0.0,0.0,0.1199754565061289,0.0,0.0,0.0,0.1028128772327325,0.0956122620197356,0.1882332489944294,0.0,0.0,0.2475703744429289,0.0,0.2445995355673783,0.0,0.0,0.0,0.0,0.0,0.0,0.0,0.0,0.1204461568229837,0.0,0.1205813736800196,0.0,0.0,0.0,0.0,0.0,0.0,0.139623587867967,0.0,0.0,0.0,0.0,0.0,0.0,0.0,0.0,0.0,0.0,0.1197082534019615,0.0,0.0,0.0,0.0,0.0,0.0,0.0,0.0,0.0,0.0,0.0,0.0,0.0,0.0,0.0,0.144656956829903,0.0,0.0,0.0,0.0,0.0,0.0,0.0,0.0,0.0,0.0
966,right,0.0,0.0,0.0,0.0,0.0,0.0,0.0,0.0,0.0,0.0,0.0,0.0,0.0,0.0,0.0,0.0,0.0,0.0,0.1057350101228369,0.0,0.1145050174934752,0.0,0.0,0.0,0.0,0.0,0.1131846174938169,0.0,0.0,0.0,0.0,0.0,0.0,0.1102091036370889,0.0,0.0,0.0,0.0,0.0,0.0864552561436316,0.0,0.0,0.0,0.0,0.0,0.0,0.0,0.0,0.0,0.0,0.0,0.0,0.0,0.1106414875722115,0.0,0.0,0.0,0.0,0.0,0.0,0.0,0.0948069042975501,0.0641289098355582,0.0,0.0,0.0,0.0,0.1092342562226379,0.0,0.0,0.0,0.0,0.6839918561145584,0.0,0.0,0.0,0.0,0.6385006210453895,0.0,0.0,0.0,0.0,0.1225227211495758,0.0,0.0,0.0,0.0,0.0,0.0,0.0,0.0,0.0,0.0,0.1029907286100455,0.0,0.0,0.0,0.0,0.0696854056368392,0.0
608,right,0.0,0.0,0.1059490137303097,0.0,0.0,0.0,0.0,0.0999441848221261,0.0,0.0,0.0,0.0978713310993321,0.0,0.0,0.0,0.0,0.0,0.2255413612255643,0.0,0.0,0.0,0.2245184840958758,0.0,0.1129915994747266,0.0,0.119730676656892,0.0,0.0,0.0,0.0780179886324633,0.0624158564596653,0.3607360337272123,0.0,0.1998883696442523,0.0,0.0,0.0,0.0856470940264174,0.1592974074005519,0.0784027799311081,0.0,0.0,0.0,0.2552282721357559,0.2037608516113746,0.0,0.0,0.108224684803193,0.1090312326233326,0.0,0.1033573083403487,0.0,0.0,0.0,0.0,0.1004489372088039,0.0,0.0,0.0,0.1032973251089547,0.1940508300804544,0.0,0.2907795910468486,0.2054034070601754,0.3106836627784187,0.0,0.0985701331807055,0.0,0.0,0.0,0.0930119994996339,0.1009022446578393,0.1772241681061917,0.0,0.0,0.0785434959678669,0.0,0.0,0.0,0.0,0.0,0.1134366057840897,0.0,0.1244866421072757,0.1509517428905791,0.105256172422119,0.0,0.0,0.0,0.0,0.0,0.10762880922099,0.1025834877997743,0.1867962641101419,0.1179728464292315,0.0,0.0,0.0,0.0,0.0
479,right,0.0,0.0,0.0,0.0,0.1157954057677765,0.0,0.0,0.0,0.0597850271667004,0.0,0.0,0.0,0.1362948226906607,0.0,0.0,0.0949925807920236,0.0639643113663761,0.0,0.0560429888224774,0.0,0.0,0.0,0.0,0.0,0.0,0.0,0.0,0.0700289241158136,0.0,0.0455991940855443,0.0,0.0,0.0,0.0,0.1208887529617256,0.0,0.0,0.0,0.1396568956346943,0.0458240931558343,0.1944509954021681,0.0,0.1205386185671513,0.0497244448416597,0.0,0.0,0.1015255631955527,0.18976232893298,0.0,0.0,0.0,0.0,0.0,0.0,0.0,0.0,0.0,0.0,0.0666951814286387,0.0603742144436783,0.0,0.100501475749019,0.0339904046250771,0.0,0.0453963402753825,0.0,0.0,0.0,0.0,0.0,0.0,0.0,0.0,0.1165686122875359,0.4830237967472873,0.0459063374943975,0.0,0.0,0.0,0.0,0.0,0.0,0.0,0.0,0.0882268043854001,0.0,0.0,0.0,0.0532615718938392,0.0,0.0547019775141786,0.0,0.0599569977661226,0.0545884305076068,0.0,0.6544283879677945,0.2746602447373567,0.0638446502710339,0.0738710556637416,0.0
329,right,0.0,0.0,0.0,0.0,0.0,0.2195845485572326,0.0,0.0,0.0,0.0,0.0,0.0,0.0,0.2367858221986894,0.0,0.1635603246393949,0.2202703294339446,0.0,0.0,0.0,0.0,0.0,0.0,0.0,0.191157897037241,0.2409828448369449,0.0,0.0,0.0,0.0,0.1256248696872185,0.0,0.0,0.0,0.0,0.0,0.0,0.0,0.0,0.0,0.0,0.0,0.0,0.0,0.0,0.0,0.0,0.0,0.0,0.0,0.4160560834367056,0.0,0.0,0.0,0.0,0.0,0.0,0.0,0.0,0.0,0.0,0.3460913234105564,0.0,0.0,0.0,0.0,0.0,0.0,0.0,0.0,0.0,0.2030867163455547,0.0,0.0,0.1848180103372948,0.0,0.0,0.2330837891748051,0.0,0.0,0.0,0.0,0.0,0.0,0.0,0.0,0.0,0.0,0.0,0.0,0.0,0.0,0.0,0.0,0.0,0.0,0.0,0.0,0.2543856319109699,0.4719370075778547
443,right,0.0,0.0,0.0967845986636972,0.0,0.1809831933168096,0.0,0.0,0.0,0.0,0.0,0.0,0.0,0.1065114461128668,0.1074692802201631,0.0,0.0,0.0,0.1030162026040429,0.0875927590810582,0.104518861353626,0.1897159776922756,0.0,0.0,0.0,0.0,0.0,0.0,0.0,0.0,0.0712695612019812,0.0,0.0,0.0,0.2738975326774357,0.0,0.0,0.0,0.0,0.2910368884164379,0.2148632060624742,0.0,0.2771488096085052,0.0941983145256645,0.0,0.0,0.0,0.1586800487341262,0.0,0.0,0.0,0.0,0.0,0.0,0.0,0.0,0.0,0.0,0.0,0.0,0.0,0.0886328765527772,0.1570794445039287,0.0,0.0,0.0,0.0,0.0,0.0,0.0,0.0,0.0,0.276523100394319,0.3237891393180266,0.1821916815475091,0.0,0.0,0.0,0.2115780988997337,0.0,0.0,0.0,0.0,0.0,0.0,0.1378946659233579,0.3846067479470035,0.0,0.0974859575338119,0.1664910502883237,0.0,0.0,0.1966381892260151,0.0,0.0,0.0,0.0,0.0,0.0,0.115457253757715,0.0
403,right,0.0,0.1812499254442736,0.3855660380262414,0.0,0.0,0.0,0.0,0.0,0.0,0.0,0.0,0.0,0.0,0.0,0.0,0.0,0.0,0.0,0.1744740048776917,0.0,0.0,0.0,0.0,0.0,0.0,0.0,0.0,0.0,0.0,0.0,0.0,0.0,0.0,0.0,0.0,0.0,0.0,0.0,0.1449274232878301,0.4279810849192365,0.0,0.0,0.0,0.0,0.0,0.0,0.0,0.0,0.0,0.0,0.0,0.0,0.0,0.0,0.0,0.0,0.0,0.0,0.0,0.0,0.1765457909789395,0.0,0.0,0.0,0.2826573479057472,0.0,0.0,0.0,0.1846424608064969,0.0,0.0,0.1836000040534019,0.0,0.0,0.0,0.2858328122822063,0.0,0.0,0.0,0.4317313451800906,0.0,0.0,0.0,0.0,0.1373346088610784,0.0,0.0,0.1941800396368479,0.0,0.0,0.0,0.0,0.1866591654102256,0.0,0.0,0.0,0.0,0.0,0.0,0.2133266962591793
689,right,0.0,0.0,0.1576179449552566,0.0,0.0,0.324608453157756,0.0,0.1486846971694394,0.0,0.1541204200582472,0.0,0.0,0.1734585407421815,0.0,0.1698746950113652,0.120894353286739,0.0,0.0,0.0,0.0,0.1544803767432985,0.0,0.1368862094355534,0.0,0.1412928862113794,0.0,0.0,0.0,0.0,0.0,0.0,0.0,0.0,0.0,0.1538516743843995,0.0,0.0,0.0,0.0,0.1166380376411681,0.1649814974257563,0.0,0.0,0.0,0.0,0.0,0.1292086940081211,0.0,0.0,0.0,0.1537623236227643,0.0,0.0,0.2985360651915215,0.0,0.0,0.0,0.0,0.3395242347951473,0.0,0.0,0.3837161012071617,0.173034481254912,0.0,0.1155492598141507,0.0,0.1466405517040139,0.0,0.0,0.0,0.0,0.0,0.0,0.0,0.0,0.0,0.0,0.0,0.0,0.0,0.0,0.0,0.0,0.0,0.0,0.0,0.0,0.0,0.0,0.0,0.0,0.1601169386113948,0.0,0.0,0.1755055281782018,0.0,0.1747761371690639,0.0,0.2820407686563234,0.0
593,right,0.0687165820363296,0.0653397541351555,0.0,0.0,0.0,0.0,0.0,0.0,0.0,0.0679552414147887,0.0,0.0,0.0,0.0,0.0749016639417289,0.0,0.0,0.0,0.0,0.0,0.0681139546042692,0.0,0.4224939682569607,0.0,0.0,0.0,0.0,0.0,0.0,0.0511759917686215,0.0,0.0,0.073399190196022,0.1311170121002188,0.0678367452600377,0.0,0.0,0.0561803124603816,0.1044913224858665,0.2571419803766832,0.1454882809468527,0.0,0.0,0.0558057621619843,0.0,0.0,0.1139421757466405,0.0,0.0,0.0,0.1355946969043402,0.0,0.1487200620499434,0.2632628482772599,0.0,0.1317791979483442,0.1343476242213492,0.0,0.0,0.0,0.0,0.1127928420405263,0.1144423296632235,0.0,0.1018966577304053,0.0,0.0,0.0,0.0,0.0,0.0,0.0661869465306411,0.1162504023389983,0.1962374926533315,0.0,0.1030413978516175,0.0,0.0759631381553417,0.0721482043052321,0.0,0.0,0.0,0.0,0.0,0.0,0.0,0.0,0.0700010000926996,0.5379793300159111,0.0,0.0613920488537841,0.0,0.067289759954838,0.0,0.0,0.0,0.077062822631675,0.1433057474924426,0.248716536272215,0.0
1599,right,0.0,0.0,0.0,0.0,0.0,0.0,0.0,0.0,0.0624545370825717,0.0,0.0,0.0,0.0,0.07183051581254,0.0,0.0496170859227198,0.0,0.0,0.1170908198760879,0.0,0.0634013576140047,0.0,0.0,0.0,0.0,0.0,0.0626702529479875,0.0,0.2499615051494303,0.0,0.1524364779060826,0.0,0.0,0.0,0.2525733101588098,0.0,0.5059762889128807,0.0,0.5835713174760947,0.0,0.0,0.0617470775841775,0.0,0.0,0.0,0.0,0.0530294318822133,0.0,0.0,0.1170284207360196,0.0,0.0,0.0,0.0,0.0,0.0,0.0,0.0,0.0,0.0,0.0,0.0,0.0355081378517948,0.0,0.0,0.0,0.0,0.0,0.0,0.0,0.0,0.0,0.0,0.0,0.0560657428333508,0.0479561387397984,0.0,0.0,0.0,0.0,0.0690793262755533,0.2770430084945136,0.2035222655606655,0.0,0.0,0.0642660419643195,0.0,0.0,0.0,0.0,0.0,0.0,0.062634186481221,0.0,0.0,0.0683649802654727,0.0,0.0666954297228628,0.2315085969141913,0.0
454,right,0.0,0.1853873786083163,0.5915512259787602,0.0,0.0,0.0,0.0,0.0,0.0,0.0,0.0,0.0,0.2170006984539995,0.0,0.0,0.0,0.0,0.0,0.356913563636357,0.0,0.1932585706492157,0.0,0.0,0.0,0.0,0.0,0.0,0.0,0.0,0.0,0.1161633478508625,0.0,0.2082542801472293,0.0,0.0,0.0,0.0,0.0,0.1482357304475102,0.0,0.0,0.0,0.0,0.0,0.1896116149540938,0.0,0.1616431034535564,0.0,0.0,0.0,0.0,0.0,0.0,0.0,0.0,0.0,0.0,0.0,0.0,0.0,0.0,0.0,0.1082350950500367,0.0,0.0,0.0,0.0,0.0,0.0,0.0,0.0,0.0,0.0,0.3711875445426155,0.0,0.0,0.0,0.0,0.0,0.0,0.0,0.2111190432071344,0.0,0.0,0.0,0.0,0.0,0.0,0.1695999609310618,0.0,0.0,0.2003100416060369,0.0,0.0,0.0,0.0,0.0,0.0,0.0,0.0
1454,right,0.0,0.0,0.1481657662846827,0.0,0.0,0.0,0.0,0.0,0.0,0.0,0.0,0.0,0.0,0.0,0.3193749844395023,0.1136444489192248,0.0,0.3154112288382366,0.1340941477200399,0.0,0.0,0.0,0.0,0.0,0.0,0.0,0.0,0.0,0.0,0.0,0.1745725207825216,0.0,0.0,0.0,0.0,0.0,0.0,0.0,0.0,0.219286759892107,0.1550877344316394,0.0,0.0,0.0,0.1424759969671244,0.0,0.0,0.0,0.0,0.0,0.0,0.0,0.0,0.0,0.0,0.0,0.0,0.0,0.0,0.2889149561860964,0.0,0.1202350197440381,0.325315578960054,0.1436245234053041,0.5430994747727349,0.0,0.0,0.0,0.0,0.0,0.0,0.141108046910458,0.0,0.1394569512086375,0.0,0.0,0.0,0.0,0.0,0.0,0.0,0.0,0.0,0.0,0.1055502069812693,0.1471968534111467,0.0,0.0,0.0,0.0,0.0,0.0,0.0,0.0,0.0,0.0,0.0,0.0,0.1767513913611286,0.0
747,right,0.0,0.0,0.0,0.0,0.0,0.0,0.0,0.1005897212752141,0.0,0.0,0.0,0.0,0.0,0.0,0.114925399507875,0.0,0.0,0.0,0.0,0.0,0.0,0.0,0.0,0.0,0.0,0.0,0.0,0.0,0.0,0.0,0.0,0.0,0.0,0.1005897212752141,0.0,0.0,0.0,0.1724005720089102,0.0,0.1578183622090271,0.0,0.0,0.0,0.0856255945968971,0.0,0.0,0.0,0.0,0.0,0.0,0.0,0.0,0.0,0.0,0.0,0.1010977338422212,0.3092045004217306,0.0,0.0,0.4158580775730977,0.0,0.346127489056071,0.0,0.0,0.3908629488957162,0.0,0.2976203840279713,0.0,0.0,0.0,0.0,0.0,0.0,0.2007313861469805,0.2772559850099191,0.0,0.0,0.0,0.0,0.0,0.0,0.0,0.0,0.0,0.0,0.0,0.0,0.0,0.3668661381417366,0.0,0.0941969159272227,0.0,0.0,0.0,0.0,0.0,0.0,0.0,0.0636030536374032,0.0
224,right,0.0,0.0769836711383876,0.0818822104361891,0.0,0.0,0.0,0.0823760014473485,0.0772414058927435,0.0,0.0,0.0,0.0,0.3604454743788845,0.2727651611902756,0.0,0.0,0.0845800526337672,0.0,0.0,0.0,0.0,0.0,0.3555605743367623,0.0,0.0,0.0,0.0,0.0,0.0,0.0,0.0482378090483651,0.0,0.0,0.0,0.3996282016454279,0.165250921041725,0.0,0.0661919646951176,0.1231122723606803,0.0605932296967164,0.085707561370174,0.0,0.0,0.0,0.0,0.0,0.0,0.0836409524113405,0.0,0.0,0.0,0.0,0.0,0.3101777899685628,0.1889957411562456,0.0,0.0,0.0,0.2645732519502231,0.0,0.0,0.1993397551003345,0.0,0.0,0.0600276117705634,0.0,0.0,0.0,0.0784246087057304,0.0,0.0718838981881052,0.0,0.0,0.0,0.2129008988478081,0.0607019814418054,0.0,0.0,0.0,0.0,0.0,0.0,0.0,0.0,0.0583311818670564,0.0,0.0,0.0,0.2817112516593845,0.0,0.0,0.0,0.0,0.0,0.0,0.0,0.0,0.0,0.1465196210828493,0.0
1561,right,0.0,0.0,0.1592317649318744,0.0,0.0,0.0,0.0,0.0,0.0,0.0,0.0,0.0,0.0,0.0,0.0,0.0,0.0,0.0847420559867137,0.0,0.0,0.0,0.0,0.0,0.0,0.0,0.0,0.0,0.0,0.0,0.0,0.0469026875941735,0.0,0.0,0.0,0.0,0.0,0.0,0.0,0.0,0.0,0.0,0.0,0.0,0.0,0.0,0.0,0.0,0.0,0.0,0.0,0.3883416665759266,0.0,0.0,0.0,0.0,0.0,0.0,0.0,0.0,0.4657395518105238,0.0,0.0,0.0,0.0,0.4669293862954992,0.0,0.0,0.0,0.0762539799046874,0.0,0.0,0.0758234642153124,0.4661157583678703,0.0749362589948866,0.2070082481807066,0.0,0.0,0.261069074319869,0.0,0.0,0.0,0.0,0.0,0.0,0.0567166970076597,0.0,0.0,0.0,0.0,0.0,0.0,0.0,0.1541736844932283,0.0,0.0,0.0841399999742545,0.0,0.0,0.0,0.0
1567,right,0.5105964612720807,0.1618350149418083,0.0,0.0,0.0804702655843306,0.0,0.0,0.0,0.0,0.0841565571779477,0.0,0.0,0.0,0.0,0.0,0.0,0.0,0.274823568899862,0.0,0.0,0.0,0.1823847911174815,0.0,0.0917873169828991,0.0,0.0,0.0,0.2919932488592376,0.0,0.0,0.1014054855096349,0.0,0.0,0.0,0.0,0.0,0.0,0.0695743489304736,0.0,0.0,0.0,0.0,0.0,0.1382210030151385,0.0827612935939632,0.3884267964473601,0.0705536543507528,0.0,0.0,0.0,0.0,0.0,0.0920883227315727,0.0,0.0,0.081598441680986,0.3327553043478675,0.0,0.0926976148521981,0.0,0.0788173861339724,0.0,0.0,0.0,0.1261899998292764,0.0,0.0,0.0804702655843306,0.0824320764002161,0.0984585026186006,0.0,0.0,0.0,0.0,0.0,0.3190191480987132,0.0,0.0,0.0,0.0963714171561807,0.0,0.0,0.0,0.0,0.0613118830879006,0.0,0.0,0.0,0.0,0.0,0.0,0.0,0.0,0.0758708080282285,0.0,0.0,0.0,0.0,0.0,0.0
654,right,0.0,0.1888178075001789,0.0502081130296994,0.2338483007331999,0.1877741862235915,0.0,0.0,0.0,0.0,0.0,0.0,0.0463801849700148,0.110508051884859,0.5017582196664596,0.1082248330345573,0.0770201306227673,0.1037247240901855,0.0534408285579248,0.0454397415420041,0.0,0.0,0.0531984632506194,0.0872083223455092,0.1070910393233921,0.0,0.2269563872303188,0.0,0.0,0.0,0.221831380228578,0.0887346356224513,0.0,0.0,0.0,0.0,0.0,0.0,0.040587248773166,0.0,0.1114627356506745,0.0,0.0,0.0,0.1209499690897167,0.0482800523975288,0.0,0.123475624206771,0.0,0.0,0.0,0.0,0.0,0.2686055795897552,0.0,0.0,0.0,0.0,0.0,0.0,0.0,0.0459793143284316,0.0407433755638119,0.0826784170610926,0.0,0.0,0.0,0.0,0.0,0.0,0.0,0.0440773993034349,0.1434495082028843,0.0,0.1417710152210322,0.0435151597094283,0.0744418581062119,0.0,0.0,0.0521231902855417,0.0,0.0,0.0,0.0,0.0,0.0357672143526152,0.0997595657755792,0.0,0.0,0.3454765153433435,0.0,0.0,0.0,0.0,0.0,0.0,0.3183669261595153,0.0,0.0517653406449278,0.1497369138996181,0.0555584767416899
983,right,0.0,0.0,0.1077101338315056,0.0,0.0,0.0,0.0,0.0,0.0,0.0,0.0,0.0,0.1185349970326138,0.0,0.0,0.0,0.0,0.2292903855054552,0.0974806728917131,0.0,0.0,0.1141252528842339,0.0935428509880419,0.0,0.0,0.0,0.0,0.0,0.0,0.0,0.0634533537951693,0.0,0.0,0.1016054906398086,0.0,0.0,0.0,0.1741414975951943,0.0,0.1594120345591452,0.0,0.0,0.0,0.0864902540741686,0.0,0.0,0.0,0.0,0.0,0.0,0.105075348243835,0.0,0.0,0.0,0.0,0.0,0.0,0.0,0.0,0.6300862077060999,0.0,0.0874056834625427,0.1182452108401896,0.0,0.4737719264991031,0.0,0.0,0.0,0.0,0.0,0.0,0.1025794756679839,0.0,0.0,0.0,0.0,0.0,0.0,0.0,0.0,0.0,0.0,0.0,0.3796677026859442,0.0,0.0,0.0,0.0,0.0,0.0,0.0,0.0,0.0,0.0,0.0,0.0,0.0,0.0,0.0642453263523536,0.0
959,right,0.0,0.0,0.0,0.0,0.0,0.0,0.0,0.0,0.0,0.0,0.0,0.0,0.0834689155592416,0.0,0.0,0.0,0.0783453340170188,0.0,0.0686430696245577,0.0,0.0,0.2410911039264695,0.0,0.0,0.1359813582869743,0.0,0.0,0.0,0.0,0.0,0.0446820159654825,0.0,0.0,0.2146429408414138,0.0,0.0,0.0,0.0,0.1140371967070752,0.0,0.0,0.0,0.0738195888602788,0.2436157386338086,0.0,0.0,0.1243514389494813,0.1549509169151762,0.0,0.0,0.0,0.0,0.0,0.0718283501931931,0.0,0.0,0.0,0.0,0.0,0.1478961594540522,0.0694581696028888,0.0615485535493407,0.0,0.0735216885116221,0.0,0.0,0.0,0.0,0.0,0.0,0.0,0.0722334990254938,0.6977879431405578,0.0,0.0,0.1124548132440978,0.0,0.3316112045372627,0.0,0.0,0.0,0.0,0.0,0.0891170040055623,0.0540313677359609,0.0,0.0,0.0,0.0,0.0,0.0,0.0,0.0,0.2674459385382468,0.0,0.0,0.0,0.0,0.0452397001275925,0.0
721,right,0.0,0.0,0.0,0.0,0.0,0.0,0.0,0.0,0.0,0.0,0.0,0.0,0.0,0.0,0.0,0.0,0.0,0.0,0.3351358744771189,0.0,0.0,0.1961797415358809,0.0,0.0,0.0,0.0,0.1793740111107997,0.0,0.0,0.0,0.0,0.0,0.0,0.0,0.0,0.0,0.4137711374785952,0.0,0.0,0.1370135484792531,0.0,0.0,0.0,0.1486755583083321,0.0,0.0,0.0,0.0,0.0,0.0,0.0,0.0,0.0,0.0,0.0,0.0,0.0,0.0,0.0,0.1805182555265154,0.0,0.0,0.101630946325328,0.1794773711835994,0.2714691438824416,0.0,0.0,0.0,0.1773339031547172,0.0,0.0,0.0,0.0,0.1742694520598938,0.1604706651857809,0.0,0.0,0.0,0.0,0.4146424620892405,0.0,0.0,0.0,0.0,0.0,0.0,0.0,0.3729879269712192,0.159251530367244,0.0,0.0,0.0,0.1792707821224649,0.0,0.0,0.0,0.0,0.0,0.0,0.0
620,right,0.0,0.0,0.0,0.0,0.0,0.0,0.0,0.0,0.0,0.0,0.0,0.0,0.0,0.3199133602156525,0.0,0.0,0.0,0.0,0.0,0.0,0.0,0.0,0.0,0.0,0.0,0.0,0.0,0.0,0.0,0.0,0.1697275361130721,0.0,0.0,0.0,0.5624460261747756,0.2907224874237776,0.0,0.0,0.0,0.4264016042372757,0.0,0.0,0.0,0.0,0.0,0.0,0.0,0.0,0.0,0.0,0.2810596902603256,0.0,0.0,0.0,0.0,0.0,0.0,0.0,0.0,0.0,0.0,0.0,0.1581434793648684,0.0,0.2112106425553979,0.0,0.0,0.0,0.2759415460372481,0.0,0.0,0.0,0.0,0.0,0.0,0.0,0.0,0.0,0.0,0.0,0.0,0.0,0.0,0.0,0.0,0.0,0.0,0.0,0.2478043550419994,0.0,0.0,0.0,0.0,0.0,0.0,0.0,0.0,0.0,0.0,0.0
235,right,0.0709957937040709,0.0,0.0,0.0,0.0671338421794423,0.0,0.0,0.2031989091928324,0.0,0.0,0.0,0.0,0.0,0.0,0.0773860242130091,0.1652194286507078,0.0,0.0764255880427426,0.0649832545933258,0.0,0.0,0.0,0.0,0.0,0.0,0.0,0.0,0.0,0.0,0.3701138840985703,0.1691988913146865,0.0814912273178327,0.0,0.0,0.2102603227336465,0.0,0.0,0.2902185873825036,0.1079571211960176,0.1062683762811574,0.0,0.0,0.0,0.1153134879687711,0.0,0.0,0.0,0.073344730490941,0.0,0.0,0.0,0.0,0.0,0.0,0.0,0.0,0.1388037054696385,0.0,0.0773347397415571,0.2100162587951803,0.0,0.11653398797646,0.0788254575243371,0.0,0.3158291875258374,0.0,0.0,0.0,0.0,0.0,0.0,0.0,0.0,0.1351642367587914,0.0622309151880421,0.0,0.0,0.0,0.0,0.0,0.0,0.0,0.0,0.0,0.0511505989579962,0.0,0.0,0.2892912548550502,0.4323069221320594,0.0816670806151905,0.253713273060594,0.0,0.0,0.0,0.0799511372321028,0.0,0.0,0.0,0.0428276731678286,0.0
695,right,0.0,0.0,0.1920367705120326,0.0,0.0,0.0,0.0965974245283185,0.4528819525765941,0.0,0.0,0.0,0.0886978259083727,0.0,0.0,0.0,0.0,0.0,0.0,0.0,0.0,0.0941070278060232,0.0,0.0,0.0,0.1721468299314512,0.0,0.0,0.0,0.1855097051607679,0.1414106847370927,0.0565656020818046,0.0,0.2028183409067161,0.0,0.0,0.0,0.0,0.0776193697396749,0.2887328403642341,0.1421081341583868,0.0,0.1833031394227215,0.0,0.0,0.0923311471304328,0.0,0.0,0.098080757090343,0.0,0.0,0.0,0.0,0.1027366792602165,0.0,0.0,0.0,0.0,0.0,0.0,0.0936152400953415,0.0,0.0,0.1581148468382721,0.0930754462811959,0.4927356046687779,0.0,0.0,0.1795504059601549,0.0,0.0,0.0,0.0,0.0,0.1807493269673686,0.0832187293512786,0.0711815937654124,0.0,0.0,0.0,0.0,0.0,0.0,0.0,0.0,0.0684014984831722,0.0,0.0,0.0,0.1651729926970218,0.1092098783713614,0.0848199650441333,0.0,0.0,0.0846439009680989,0.0,0.0,0.1064708874171744,0.0,0.0,0.0
254,right,0.0,0.0862586017799255,0.0917473131435705,0.213660223226967,0.1715636779014607,0.0,0.0,0.086547388209724,0.0,0.0,0.0,0.0,0.0,0.1018758959773608,0.1977636092489415,0.0703709979941467,0.1895403783887171,0.0,0.0830338753012109,0.0990790356567072,0.0,0.0,0.0,0.0,0.0,0.0,0.0,0.0,0.0,0.4729216825444114,0.0,0.1041273240252038,0.0,0.0,0.0,0.0,0.0,0.0741667192436599,0.0,0.4752541721608873,0.0,0.0,0.0,0.0,0.0882240900645652,0.0,0.0752106653427061,0.0,0.0,0.0829896255263711,0.0,0.0,0.0,0.0,0.0,0.0,0.0,0.0,0.0,0.0,0.0,0.0,0.1510816113688987,0.0,0.0672596900478946,0.0,0.0,0.0,0.0878731423438294,0.0,0.0,0.0,0.0,0.0863546343627233,0.4771020550394068,0.0680153072335126,0.0,0.0,0.0,0.0,0.0,0.0,0.0,0.0,0.0653588756371202,0.0911473422120508,0.0,0.092412168841387,0.0,0.0,0.0,0.0,0.0,0.0,0.0,0.0969607908175947,0.0,0.0,0.0547240623067182,0.0
501,right,0.0,0.0,0.2482286558922107,0.0,0.0,0.0,0.0,0.0,0.0,0.0,0.0,0.0,0.0,0.0,0.0,0.0,0.0,0.0,0.0,0.0,0.0,0.0,0.0,0.5294575546709137,0.0,0.0,0.0,0.2807178533359364,0.0,0.0,0.0,0.0,0.0,0.0,0.2422972482609562,0.0,0.0,0.0,0.0,0.0,0.0,0.0,0.0,0.0,0.0,0.0,0.0,0.2535603409337773,0.0,0.0,0.0,0.0,0.0,0.0,0.0,0.0,0.0,0.0,0.0,0.0,0.0,0.0,0.0,0.0,0.0,0.0,0.0,0.0,0.0,0.0,0.0,0.0,0.4152196938104198,0.4672767862831805,0.0,0.0,0.0,0.0,0.0,0.0,0.0,0.0,0.0,0.0,0.0,0.0,0.0,0.0,0.0,0.0,0.0,0.0,0.0,0.0,0.0,0.0,0.0,0.2559275813152339,0.0,0.0
